timestamp,action,type,price,shares
0,open position,short,4997.0,31.0
0,close position,short,5003.0,31.0
100,open position,long,5004.0,24.0
100,close position,long,4997.0,24.0
200,open position,short,4996.0,20.0
200,close position,short,5003.0,20.0
600,open position,short,4997.0,25.0
600,close position,short,5003.0,25.0
700,open position,short,4996.0,23.0
700,close position,short,5003.0,23.0
800,open position,long,5004.0,30.0
800,close position,long,4997.0,30.0
900,open position,long,5004.0,23.0
900,close position,long,4997.0,23.0
1000,open position,long,5003.0,26.0
1000,close position,long,4996.0,26.0
1100,open position,short,4997.0,26.0
1100,close position,short,5004.0,26.0
1200,open position,long,5004.0,21.0
1200,close position,long,4997.0,21.0
1300,open position,long,5004.0,31.0
1300,close position,long,4997.0,31.0
1400,open position,short,4996.0,26.0
1400,close position,short,5003.0,26.0
1600,open position,long,5003.0,29.0
1600,close position,long,4996.0,29.0
1700,open position,long,5003.0,22.0
1700,close position,long,4997.0,22.0
1800,open position,short,4996.0,23.0
1800,close position,short,5003.0,23.0
1900,open position,long,5003.0,1.0
1900,close position,long,4997.0,1.0
2100,open position,short,4996.0,27.0
2100,close position,short,5003.0,27.0
2200,open position,long,5003.0,1.0
2200,close position,long,4997.0,1.0
2300,open position,long,5004.0,32.0
2300,close position,long,4997.0,32.0
2500,open position,short,4996.0,23.0
2500,close position,short,5003.0,23.0
2600,open position,short,4997.0,23.0
2600,close position,short,5004.0,23.0
3000,open position,short,4996.0,26.0
3000,close position,short,5003.0,26.0
3100,open position,long,5003.0,26.0
3100,close position,long,4996.0,26.0
3200,open position,long,5003.0,23.0
3200,close position,long,4996.0,23.0
3300,open position,long,5003.0,2.0
3300,close position,long,4997.0,2.0
3400,open position,long,5004.0,26.0
3400,close position,long,4997.0,26.0
3700,open position,short,4997.0,24.0
3700,close position,short,5004.0,24.0
3900,open position,long,5004.0,2.0
3900,close position,long,4998.0,2.0
4000,open position,long,5004.0,32.0
4000,close position,long,4997.0,32.0
4100,open position,long,5004.0,29.0
4100,close position,long,4997.0,29.0
4200,open position,short,4997.0,26.0
4200,close position,short,5004.0,26.0
4300,open position,long,5004.0,7.0
4300,close position,long,4998.0,7.0
4700,open position,long,5002.0,32.0
4700,close position,long,4997.0,32.0
5100,open position,short,4997.0,31.0
5100,close position,short,5004.0,31.0
5200,open position,long,5004.0,8.0
5200,close position,long,4998.0,8.0
5300,open position,short,4997.0,21.0
5300,close position,short,5004.0,21.0
5400,open position,long,5004.0,21.0
5400,close position,long,4997.0,21.0
5600,open position,short,4998.0,28.0
5600,close position,short,5005.0,28.0
5900,open position,long,5006.0,5.0
5900,close position,long,5000.0,5.0
6100,open position,long,5006.0,24.0
6100,close position,long,4999.0,24.0
6200,open position,long,5006.0,22.0
6200,close position,long,4999.0,22.0
6300,open position,short,4998.0,25.0
6300,close position,short,5005.0,25.0
6400,open position,short,4998.0,25.0
6400,close position,short,5005.0,25.0
6500,open position,long,5006.0,27.0
6500,close position,long,4999.0,27.0
6700,open position,short,4998.0,20.0
6700,close position,short,5005.0,20.0
6800,open position,long,5003.0,32.0
6800,close position,long,4997.0,32.0
6900,open position,long,5004.0,27.0
6900,close position,long,4997.0,27.0
7000,open position,short,4997.0,27.0
7000,close position,short,5004.0,27.0
7300,open position,short,4997.0,31.0
7300,close position,short,5004.0,31.0
7400,open position,long,5005.0,22.0
7400,close position,long,4998.0,22.0
7800,open position,short,4997.0,23.0
7800,close position,short,5004.0,23.0
7900,open position,long,5005.0,4.0
7900,close position,long,4999.0,4.0
8000,open position,long,5005.0,27.0
8000,close position,long,4998.0,27.0
8100,open position,long,5005.0,23.0
8100,close position,long,4998.0,23.0
8200,open position,long,5004.0,23.0
8200,close position,long,4997.0,23.0
8500,open position,short,4997.0,31.0
8500,close position,short,5004.0,31.0
8700,open position,long,5004.0,27.0
8700,close position,long,4997.0,27.0
8800,open position,short,4997.0,25.0
8800,close position,short,5004.0,25.0
8900,open position,short,4998.0,26.0
8900,close position,short,5005.0,26.0
9200,open position,long,5004.0,27.0
9200,close position,long,4997.0,27.0
9300,open position,long,5005.0,21.0
9300,close position,long,4998.0,21.0
9500,open position,short,4997.0,31.0
9500,close position,short,5004.0,31.0
9900,open position,short,4996.0,25.0
9900,close position,short,5003.0,25.0
10000,open position,short,4996.0,28.0
10000,close position,short,5003.0,28.0
10100,open position,short,4995.0,25.0
10100,close position,short,5002.0,25.0
10200,open position,short,4995.0,28.0
10200,close position,short,5002.0,28.0
10300,open position,short,4997.0,27.0
10300,close position,short,5003.0,27.0
10400,open position,short,4996.0,29.0
10400,close position,short,5003.0,29.0
10600,open position,long,5002.0,31.0
10600,close position,long,4997.0,31.0
10700,open position,short,4997.0,28.0
10700,close position,short,5004.0,28.0
10800,open position,short,4997.0,24.0
10800,close position,short,5004.0,24.0
10900,open position,short,4998.0,28.0
10900,close position,short,5005.0,28.0
11000,open position,short,4997.0,24.0
11000,close position,short,5004.0,24.0
11200,open position,short,4997.0,23.0
11200,close position,short,5004.0,23.0
11300,open position,long,5005.0,3.0
11300,close position,long,4999.0,3.0
11400,open position,long,5004.0,26.0
11400,close position,long,4997.0,26.0
11500,open position,long,5004.0,26.0
11500,close position,long,4997.0,26.0
11700,open position,long,5003.0,23.0
11700,close position,long,4997.0,23.0
11800,open position,long,5004.0,29.0
11800,close position,long,4997.0,29.0
11900,open position,long,5004.0,32.0
11900,close position,long,4998.0,32.0
12100,open position,long,5004.0,2.0
12100,close position,long,4998.0,2.0
12200,open position,short,4997.0,30.0
12200,close position,short,5004.0,30.0
12300,open position,short,4997.0,29.0
12300,close position,short,5004.0,29.0
12400,open position,short,4998.0,26.0
12400,close position,short,5005.0,26.0
12700,open position,short,4997.0,22.0
12700,close position,short,5004.0,22.0
12900,open position,long,5004.0,7.0
12900,close position,long,4998.0,7.0
13000,open position,short,4997.0,20.0
13000,close position,short,5003.0,20.0
13100,open position,short,4996.0,26.0
13100,close position,short,5003.0,26.0
13200,open position,long,5004.0,22.0
13200,close position,long,4997.0,22.0
13300,open position,short,4997.0,24.0
13300,close position,short,5004.0,24.0
13500,open position,long,5004.0,30.0
13500,close position,long,4997.0,30.0
13600,open position,long,5004.0,24.0
13600,close position,long,4997.0,24.0
13700,open position,long,5005.0,4.0
13700,close position,long,4999.0,4.0
13800,open position,long,5005.0,1.0
13800,close position,long,4999.0,1.0
13900,open position,long,5003.0,22.0
13900,close position,long,4998.0,22.0
14000,open position,short,4997.0,29.0
14000,close position,short,5004.0,29.0
14100,open position,long,5004.0,25.0
14100,close position,long,4997.0,25.0
14200,open position,long,5004.0,21.0
14200,close position,long,4997.0,21.0
14600,open position,long,5004.0,28.0
14600,close position,long,4997.0,28.0
14900,open position,short,4997.0,26.0
14900,close position,short,5004.0,26.0
15000,open position,short,4998.0,25.0
15000,close position,short,5005.0,25.0
15100,open position,short,4997.0,22.0
15100,close position,short,5004.0,22.0
15200,open position,long,5004.0,27.0
15200,close position,long,4997.0,27.0
15300,open position,long,5004.0,26.0
15300,close position,long,4997.0,26.0
15400,open position,long,5004.0,5.0
15400,close position,long,4998.0,5.0
15500,open position,long,5003.0,31.0
15500,close position,long,4997.0,31.0
15600,open position,short,4996.0,26.0
15600,close position,short,5003.0,26.0
15700,open position,long,5004.0,25.0
15700,close position,long,4997.0,25.0
15800,open position,short,4997.0,22.0
15800,close position,short,5004.0,22.0
15900,open position,long,5002.0,31.0
15900,close position,long,4997.0,31.0
16000,open position,long,5004.0,29.0
16000,close position,long,4997.0,29.0
16100,open position,long,5004.0,21.0
16100,close position,long,4997.0,21.0
16200,open position,long,5003.0,24.0
16200,close position,long,4996.0,24.0
16300,open position,short,4996.0,23.0
16300,close position,short,5003.0,23.0
16400,open position,short,4995.0,32.0
16400,close position,short,5002.0,32.0
16500,open position,long,5003.0,23.0
16500,close position,long,4996.0,23.0
16600,open position,long,5003.0,29.0
16600,close position,long,4996.0,29.0
16700,open position,short,4995.0,26.0
16700,close position,short,5002.0,26.0
17100,open position,long,5003.0,23.0
17100,close position,long,4996.0,23.0
17300,open position,long,5003.0,25.0
17300,close position,long,4996.0,25.0
17400,open position,short,4996.0,28.0
17400,close position,short,5003.0,28.0
17700,open position,short,4996.0,29.0
17700,close position,short,5002.0,29.0
17800,open position,long,5003.0,26.0
17800,close position,long,4996.0,26.0
18000,open position,short,4995.0,27.0
18000,close position,short,5002.0,27.0
18200,open position,long,5002.0,25.0
18200,close position,long,4995.0,25.0
18400,open position,long,5002.0,25.0
18400,close position,long,4995.0,25.0
18500,open position,long,5002.0,29.0
18500,close position,long,4995.0,29.0
18600,open position,long,5003.0,20.0
18600,close position,long,4996.0,20.0
18800,open position,long,5003.0,28.0
18800,close position,long,4996.0,28.0
19000,open position,long,5002.0,28.0
19000,close position,long,4995.0,28.0
19100,open position,short,4995.0,28.0
19100,close position,short,5002.0,28.0
19200,open position,long,5003.0,21.0
19200,close position,long,4996.0,21.0
19300,open position,long,5003.0,23.0
19300,close position,long,4996.0,23.0
19600,open position,short,4996.0,29.0
19600,close position,short,5003.0,29.0
19700,open position,long,5003.0,1.0
19700,close position,long,4997.0,1.0
19900,open position,short,4996.0,32.0
19900,close position,short,5003.0,32.0
20000,open position,short,4996.0,27.0
20000,close position,short,5003.0,27.0
20100,open position,long,5003.0,31.0
20100,close position,long,4996.0,31.0
20300,open position,long,5003.0,27.0
20300,close position,long,4996.0,27.0
20400,open position,long,5002.0,1.0
20400,close position,long,4997.0,1.0
20500,open position,short,4997.0,32.0
20500,close position,short,5003.0,32.0
20600,open position,short,4996.0,28.0
20600,close position,short,5003.0,28.0
20700,open position,short,4996.0,22.0
20700,close position,short,5003.0,22.0
20900,open position,short,4995.0,23.0
20900,close position,short,5002.0,23.0
21000,open position,short,4995.0,28.0
21000,close position,short,5002.0,28.0
21100,open position,short,4995.0,24.0
21100,close position,short,5002.0,24.0
21300,open position,short,4995.0,30.0
21300,close position,short,5002.0,30.0
21500,open position,long,5003.0,4.0
21500,close position,long,5000.0,4.0
21700,open position,short,4995.0,31.0
21700,close position,short,5002.0,31.0
21900,open position,short,4996.0,22.0
21900,close position,short,5003.0,22.0
22500,open position,short,4996.0,31.0
22500,close position,short,5003.0,31.0
22600,open position,long,5004.0,6.0
22600,close position,long,5000.0,6.0
22700,open position,short,4996.0,26.0
22700,close position,short,5003.0,26.0
22800,open position,long,5003.0,27.0
22800,close position,long,4996.0,27.0
23200,open position,long,5004.0,31.0
23200,close position,long,4997.0,31.0
23300,open position,long,5005.0,30.0
23300,close position,long,4998.0,30.0
23500,open position,long,5005.0,29.0
23500,close position,long,4998.0,29.0
23700,open position,long,5004.0,23.0
23700,close position,long,4997.0,23.0
23800,open position,short,4997.0,30.0
23800,close position,short,5004.0,30.0
23900,open position,short,4998.0,30.0
23900,close position,short,5004.0,30.0
24100,open position,long,5003.0,26.0
24100,close position,long,4996.0,26.0
24400,open position,short,4996.0,22.0
24400,close position,short,5003.0,22.0
24500,open position,short,4996.0,26.0
24500,close position,short,5003.0,26.0
24600,open position,long,5003.0,24.0
24600,close position,long,4996.0,24.0
24900,open position,short,4995.0,23.0
24900,close position,short,5002.0,23.0
25100,open position,long,5002.0,25.0
25100,close position,long,4995.0,25.0
25200,open position,long,5002.0,1.0
25200,close position,long,4996.0,1.0
25300,open position,short,4995.0,24.0
25300,close position,short,5002.0,24.0
25400,open position,long,5002.0,8.0
25400,close position,long,5000.0,8.0
25500,open position,short,4994.0,21.0
25500,close position,short,5001.0,21.0
25600,open position,short,4994.0,23.0
25600,close position,short,5001.0,23.0
25700,open position,long,5001.0,32.0
25700,close position,long,4995.0,32.0
25900,open position,long,5002.0,25.0
25900,close position,long,4995.0,25.0
26000,open position,long,5001.0,27.0
26000,close position,long,4994.0,27.0
26200,open position,long,5001.0,23.0
26200,close position,long,4994.0,23.0
26400,open position,short,4993.0,22.0
26400,close position,short,5000.0,22.0
26600,open position,short,4993.0,30.0
26600,close position,short,5000.0,30.0
26700,open position,long,4999.0,24.0
26700,close position,long,4993.0,24.0
26800,open position,short,4992.0,30.0
26800,close position,short,4999.0,30.0
26900,open position,long,4998.0,30.0
26900,close position,long,4991.0,30.0
27000,open position,short,4991.0,28.0
27000,close position,short,4998.0,28.0
27100,open position,short,4991.0,24.0
27100,close position,short,4998.0,24.0
27200,open position,long,4998.0,21.0
27200,close position,long,4991.0,21.0
27300,open position,long,4998.0,1.0
27300,close position,long,4996.0,1.0
27500,open position,long,4998.0,23.0
27500,close position,long,4992.0,23.0
27600,open position,short,4992.0,24.0
27600,close position,short,4999.0,24.0
27700,open position,long,4999.0,24.0
27700,close position,long,4992.0,24.0
27800,open position,long,4998.0,28.0
27800,close position,long,4992.0,28.0
27900,open position,short,4992.0,29.0
27900,close position,short,4999.0,29.0
28200,open position,long,4999.0,26.0
28200,close position,long,4992.0,26.0
28300,open position,long,4999.0,1.0
28300,close position,long,4993.0,1.0
28400,open position,short,4991.0,25.0
28400,close position,short,4998.0,25.0
28600,open position,long,4998.0,23.0
28600,close position,long,4991.0,23.0
28900,open position,short,4989.0,22.0
28900,close position,short,4996.0,22.0
29000,open position,long,4996.0,24.0
29000,close position,long,4989.0,24.0
29100,open position,long,4997.0,3.0
29100,close position,long,4991.0,3.0
29200,open position,long,4998.0,1.0
29200,close position,long,4996.0,1.0
29300,open position,long,4997.0,32.0
29300,close position,long,4991.0,32.0
29500,open position,short,4991.0,29.0
29500,close position,short,4998.0,29.0
29600,open position,long,4998.0,30.0
29600,close position,long,4991.0,30.0
29700,open position,long,4998.0,2.0
29700,close position,long,4992.0,2.0
29800,open position,long,4997.0,31.0
29800,close position,long,4990.0,31.0
29900,open position,short,4990.0,21.0
29900,close position,short,4997.0,21.0
30200,open position,long,4998.0,22.0
30200,close position,long,4991.0,22.0
30300,open position,short,4991.0,31.0
30300,close position,short,4998.0,31.0
30400,open position,long,4998.0,5.0
30400,close position,long,4994.0,5.0
30600,open position,long,4999.0,21.0
30600,close position,long,4992.0,21.0
30800,open position,long,4999.0,3.0
30800,close position,long,4993.0,3.0
30900,open position,long,4998.0,30.0
30900,close position,long,4991.0,30.0
31000,open position,long,4999.0,4.0
31000,close position,long,4995.0,4.0
31500,open position,short,4992.0,30.0
31500,close position,short,4999.0,30.0
31600,open position,short,4992.0,27.0
31600,close position,short,4998.0,27.0
31700,open position,long,4998.0,24.0
31700,close position,long,4991.0,24.0
31800,open position,short,4991.0,26.0
31800,close position,short,4997.0,26.0
31900,open position,short,4990.0,28.0
31900,close position,short,4997.0,28.0
32000,open position,short,4991.0,25.0
32000,close position,short,4998.0,25.0
32100,open position,long,4998.0,29.0
32100,close position,long,4991.0,29.0
32200,open position,long,4998.0,28.0
32200,close position,long,4991.0,28.0
32400,open position,long,4998.0,30.0
32400,close position,long,4991.0,30.0
32500,open position,long,4997.0,21.0
32500,close position,long,4991.0,21.0
32700,open position,long,4998.0,24.0
32700,close position,long,4991.0,24.0
32800,open position,short,4990.0,30.0
32800,close position,short,4997.0,30.0
32900,open position,short,4990.0,29.0
32900,close position,short,4997.0,29.0
33000,open position,long,4998.0,1.0
33000,close position,long,4996.0,1.0
33100,open position,long,4997.0,28.0
33100,close position,long,4991.0,28.0
33200,open position,long,4997.0,20.0
33200,close position,long,4990.0,20.0
33300,open position,long,4997.0,21.0
33300,close position,long,4990.0,21.0
33700,open position,long,4997.0,4.0
33700,close position,long,4991.0,4.0
33800,open position,long,4997.0,3.0
33800,close position,long,4994.0,3.0
34000,open position,long,4997.0,29.0
34000,close position,long,4990.0,29.0
34100,open position,long,4998.0,2.0
34100,close position,long,4992.0,2.0
34200,open position,long,4998.0,23.0
34200,close position,long,4991.0,23.0
34400,open position,short,4990.0,25.0
34400,close position,short,4996.0,25.0
34500,open position,long,4995.0,30.0
34500,close position,long,4990.0,30.0
34800,open position,long,4998.0,25.0
34800,close position,long,4991.0,25.0
35000,open position,short,4992.0,20.0
35000,close position,short,4999.0,20.0
35100,open position,long,4999.0,31.0
35100,close position,long,4992.0,31.0
35200,open position,long,4999.0,3.0
35200,close position,long,4993.0,3.0
35300,open position,long,4999.0,28.0
35300,close position,long,4992.0,28.0
35400,open position,short,4993.0,25.0
35400,close position,short,4999.0,25.0
35800,open position,long,5000.0,31.0
35800,close position,long,4993.0,31.0
36000,open position,long,5000.0,30.0
36000,close position,long,4993.0,30.0
36100,open position,long,5000.0,26.0
36100,close position,long,4993.0,26.0
36200,open position,short,4992.0,30.0
36200,close position,short,4999.0,30.0
36300,open position,long,4999.0,1.0
36300,close position,long,4993.0,1.0
36400,open position,short,4993.0,21.0
36400,close position,short,4999.0,21.0
36500,open position,long,4999.0,25.0
36500,close position,long,4992.0,25.0
37100,open position,short,4991.0,23.0
37100,close position,short,4998.0,23.0
37200,open position,short,4991.0,21.0
37200,close position,short,4998.0,21.0
37300,open position,short,4991.0,28.0
37300,close position,short,4998.0,28.0
37500,open position,short,4990.0,27.0
37500,close position,short,4997.0,27.0
38000,open position,long,4998.0,32.0
38000,close position,long,4991.0,32.0
38100,open position,long,4998.0,28.0
38100,close position,long,4991.0,28.0
38200,open position,long,4998.0,28.0
38200,close position,long,4991.0,28.0
38400,open position,long,4997.0,1.0
38400,close position,long,4991.0,1.0
38600,open position,short,4990.0,30.0
38600,close position,short,4997.0,30.0
38800,open position,long,4996.0,21.0
38800,close position,long,4991.0,21.0
38900,open position,long,4998.0,2.0
38900,close position,long,4992.0,2.0
39100,open position,long,4999.0,25.0
39100,close position,long,4992.0,25.0
39200,open position,long,4999.0,30.0
39200,close position,long,4992.0,30.0
39400,open position,long,4999.0,31.0
39400,close position,long,4993.0,31.0
39500,open position,long,4999.0,27.0
39500,close position,long,4992.0,27.0
39600,open position,short,4992.0,23.0
39600,close position,short,4999.0,23.0
39700,open position,long,4999.0,4.0
39700,close position,long,4993.0,4.0
39900,open position,long,4999.0,31.0
39900,close position,long,4992.0,31.0
40100,open position,short,4991.0,31.0
40100,close position,short,4998.0,31.0
40500,open position,long,4999.0,29.0
40500,close position,long,4992.0,29.0
40600,open position,short,4992.0,26.0
40600,close position,short,4999.0,26.0
40700,open position,long,4999.0,22.0
40700,close position,long,4992.0,22.0
41000,open position,long,4996.0,21.0
41000,close position,long,4991.0,21.0
41100,open position,long,4992.0,27.0
41100,close position,long,4990.0,27.0
41300,open position,long,4997.0,1.0
41300,close position,long,4991.0,1.0
41400,open position,long,4995.0,2.0
41400,close position,long,4991.0,2.0
41500,open position,long,4997.0,2.0
41500,close position,long,4991.0,2.0
41600,open position,long,4997.0,23.0
41600,close position,long,4990.0,23.0
41700,open position,short,4990.0,21.0
41700,close position,short,4997.0,21.0
41800,open position,long,4997.0,24.0
41800,close position,long,4990.0,24.0
41900,open position,long,4997.0,1.0
41900,close position,long,4991.0,1.0
42000,open position,long,4996.0,31.0
42000,close position,long,4990.0,31.0
42300,open position,long,4995.0,20.0
42300,close position,long,4990.0,20.0
42400,open position,short,4989.0,31.0
42400,close position,short,4996.0,31.0
43000,open position,short,4990.0,23.0
43000,close position,short,4996.0,23.0
43200,open position,short,4989.0,21.0
43200,close position,short,4996.0,21.0
43300,open position,long,4996.0,25.0
43300,close position,long,4989.0,25.0
43400,open position,short,4989.0,24.0
43400,close position,short,4996.0,24.0
43500,open position,long,4997.0,22.0
43500,close position,long,4990.0,22.0
43600,open position,short,4989.0,23.0
43600,close position,short,4996.0,23.0
43800,open position,short,4990.0,28.0
43800,close position,short,4997.0,28.0
43900,open position,short,4990.0,30.0
43900,close position,short,4997.0,30.0
44000,open position,long,4997.0,2.0
44000,close position,long,4991.0,2.0
44500,open position,short,4991.0,21.0
44500,close position,short,4997.0,21.0
44600,open position,short,4989.0,24.0
44600,close position,short,4996.0,24.0
44900,open position,short,4988.0,26.0
44900,close position,short,4995.0,26.0
45100,open position,long,4995.0,27.0
45100,close position,long,4988.0,27.0
45200,open position,long,4995.0,1.0
45200,close position,long,4989.0,1.0
45300,open position,short,4988.0,22.0
45300,close position,short,4995.0,22.0
45400,open position,long,4994.0,22.0
45400,close position,long,4988.0,22.0
45500,open position,long,4994.0,25.0
45500,close position,long,4987.0,25.0
45600,open position,short,4987.0,26.0
45600,close position,short,4994.0,26.0
45800,open position,long,4993.0,27.0
45800,close position,long,4986.0,27.0
45900,open position,short,4986.0,31.0
45900,close position,short,4993.0,31.0
46100,open position,long,4993.0,25.0
46100,close position,long,4986.0,25.0
46500,open position,short,4986.0,31.0
46500,close position,short,4993.0,31.0
46600,open position,short,4986.0,28.0
46600,close position,short,4993.0,28.0
46800,open position,short,4986.0,22.0
46800,close position,short,4993.0,22.0
46900,open position,short,4986.0,32.0
46900,close position,short,4993.0,32.0
47000,open position,long,4993.0,21.0
47000,close position,long,4986.0,21.0
47100,open position,long,4993.0,26.0
47100,close position,long,4986.0,26.0
47200,open position,short,4986.0,30.0
47200,close position,short,4993.0,30.0
47300,open position,long,4994.0,25.0
47300,close position,long,4987.0,25.0
47400,open position,short,4987.0,24.0
47400,close position,short,4994.0,24.0
47500,open position,long,4995.0,30.0
47500,close position,long,4988.0,30.0
47600,open position,short,4987.0,28.0
47600,close position,short,4994.0,28.0
47700,open position,short,4987.0,23.0
47700,close position,short,4994.0,23.0
48100,open position,short,4988.0,21.0
48100,close position,short,4994.0,21.0
48300,open position,long,4995.0,29.0
48300,close position,long,4988.0,29.0
48400,open position,short,4988.0,27.0
48400,close position,short,4995.0,27.0
48500,open position,short,4989.0,29.0
48500,close position,short,4996.0,29.0
48600,open position,long,4996.0,1.0
48600,close position,long,4990.0,1.0
48700,open position,short,4988.0,23.0
48700,close position,short,4995.0,23.0
48800,open position,short,4988.0,24.0
48800,close position,short,4995.0,24.0
48900,open position,short,4988.0,27.0
48900,close position,short,4995.0,27.0
49000,open position,long,4995.0,7.0
49000,close position,long,4989.0,7.0
49100,open position,short,4988.0,32.0
49100,close position,short,4995.0,32.0
49200,open position,long,4995.0,21.0
49200,close position,long,4988.0,21.0
49300,open position,long,4994.0,22.0
49300,close position,long,4987.0,22.0
49400,open position,short,4987.0,20.0
49400,close position,short,4994.0,20.0
49500,open position,short,4987.0,32.0
49500,close position,short,4994.0,32.0
49600,open position,short,4987.0,24.0
49600,close position,short,4994.0,24.0
49700,open position,long,4994.0,28.0
49700,close position,long,4987.0,28.0
49800,open position,long,4994.0,25.0
49800,close position,long,4987.0,25.0
50000,open position,short,4985.0,21.0
50000,close position,short,4992.0,21.0
50100,open position,long,4993.0,24.0
50100,close position,long,4986.0,24.0
50400,open position,long,4990.0,23.0
50400,close position,long,4985.0,23.0
50500,open position,short,4985.0,25.0
50500,close position,short,4992.0,25.0
50600,open position,long,4992.0,23.0
50600,close position,long,4985.0,23.0
50700,open position,short,4985.0,24.0
50700,close position,short,4992.0,24.0
50800,open position,short,4986.0,24.0
50800,close position,short,4993.0,24.0
50900,open position,long,4992.0,28.0
50900,close position,long,4986.0,28.0
51100,open position,long,4993.0,26.0
51100,close position,long,4986.0,26.0
51200,open position,short,4985.0,30.0
51200,close position,short,4992.0,30.0
51500,open position,short,4985.0,30.0
51500,close position,short,4992.0,30.0
51600,open position,short,4985.0,24.0
51600,close position,short,4992.0,24.0
51700,open position,long,4991.0,20.0
51700,close position,long,4984.0,20.0
51900,open position,short,4986.0,24.0
51900,close position,short,4992.0,24.0
52000,open position,long,4992.0,29.0
52000,close position,long,4985.0,29.0
52200,open position,long,4992.0,31.0
52200,close position,long,4985.0,31.0
52300,open position,long,4992.0,1.0
52300,close position,long,4990.0,1.0
52400,open position,long,4992.0,30.0
52400,close position,long,4985.0,30.0
52500,open position,short,4984.0,28.0
52500,close position,short,4991.0,28.0
52600,open position,long,4991.0,23.0
52600,close position,long,4985.0,23.0
53200,open position,short,4984.0,31.0
53200,close position,short,4991.0,31.0
53900,open position,short,4985.0,27.0
53900,close position,short,4992.0,27.0
54000,open position,long,4992.0,31.0
54000,close position,long,4986.0,31.0
54100,open position,long,4993.0,24.0
54100,close position,long,4986.0,24.0
54300,open position,long,4993.0,1.0
54300,close position,long,4991.0,1.0
54500,open position,short,4985.0,21.0
54500,close position,short,4992.0,21.0
54700,open position,long,4991.0,29.0
54700,close position,long,4984.0,29.0
54800,open position,long,4991.0,27.0
54800,close position,long,4984.0,27.0
55000,open position,long,4991.0,6.0
55000,close position,long,4985.0,6.0
55100,open position,short,4984.0,29.0
55100,close position,short,4991.0,29.0
55200,open position,long,4989.0,23.0
55200,close position,long,4984.0,23.0
55300,open position,short,4984.0,29.0
55300,close position,short,4991.0,29.0
55400,open position,long,4992.0,2.0
55400,close position,long,4986.0,2.0
55500,open position,short,4985.0,25.0
55500,close position,short,4991.0,25.0
55600,open position,short,4984.0,26.0
55600,close position,short,4991.0,26.0
55700,open position,short,4984.0,23.0
55700,close position,short,4991.0,23.0
56000,open position,long,4990.0,2.0
56000,close position,long,4984.0,2.0
56200,open position,short,4983.0,30.0
56200,close position,short,4990.0,30.0
56300,open position,short,4982.0,27.0
56300,close position,short,4989.0,27.0
56600,open position,short,4982.0,31.0
56600,close position,short,4989.0,31.0
56700,open position,short,4983.0,26.0
56700,close position,short,4989.0,26.0
56900,open position,short,4982.0,22.0
56900,close position,short,4989.0,22.0
57000,open position,long,4989.0,28.0
57000,close position,long,4983.0,28.0
57100,open position,short,4983.0,27.0
57100,close position,short,4990.0,27.0
57200,open position,short,4984.0,27.0
57200,close position,short,4990.0,27.0
57300,open position,short,4983.0,27.0
57300,close position,short,4990.0,27.0
57400,open position,long,4991.0,24.0
57400,close position,long,4984.0,24.0
57500,open position,long,4992.0,5.0
57500,close position,long,4989.0,5.0
57900,open position,long,4989.0,27.0
57900,close position,long,4984.0,27.0
58000,open position,short,4983.0,25.0
58000,close position,short,4990.0,25.0
58400,open position,long,4990.0,23.0
58400,close position,long,4983.0,23.0
58600,open position,long,4990.0,25.0
58600,close position,long,4983.0,25.0
58700,open position,short,4983.0,32.0
58700,close position,short,4990.0,32.0
59000,open position,long,4991.0,22.0
59000,close position,long,4984.0,22.0
59100,open position,short,4983.0,27.0
59100,close position,short,4990.0,27.0
59200,open position,long,4991.0,31.0
59200,close position,long,4984.0,31.0
59300,open position,long,4990.0,26.0
59300,close position,long,4983.0,26.0
59400,open position,short,4982.0,22.0
59400,close position,short,4989.0,22.0
59900,open position,long,4990.0,24.0
59900,close position,long,4983.0,24.0
60200,open position,short,4982.0,25.0
60200,close position,short,4989.0,25.0
60300,open position,short,4982.0,28.0
60300,close position,short,4989.0,28.0
60400,open position,short,4982.0,21.0
60400,close position,short,4989.0,21.0
60500,open position,short,4983.0,24.0
60500,close position,short,4990.0,24.0
60600,open position,short,4983.0,24.0
60600,close position,short,4990.0,24.0
60700,open position,long,4990.0,22.0
60700,close position,long,4983.0,22.0
60900,open position,long,4987.0,31.0
60900,close position,long,4983.0,31.0
61100,open position,long,4990.0,29.0
61100,close position,long,4983.0,29.0
61200,open position,long,4989.0,22.0
61200,close position,long,4983.0,22.0
61400,open position,long,4989.0,31.0
61400,close position,long,4982.0,31.0
61600,open position,long,4989.0,30.0
61600,close position,long,4982.0,30.0
61700,open position,long,4988.0,26.0
61700,close position,long,4981.0,26.0
62000,open position,short,4982.0,20.0
62000,close position,short,4989.0,20.0
62400,open position,long,4989.0,25.0
62400,close position,long,4982.0,25.0
62500,open position,long,4990.0,2.0
62500,close position,long,4984.0,2.0
62700,open position,long,4991.0,26.0
62700,close position,long,4984.0,26.0
62800,open position,long,4988.0,26.0
62800,close position,long,4983.0,26.0
62900,open position,long,4990.0,29.0
62900,close position,long,4984.0,29.0
63000,open position,long,4990.0,29.0
63000,close position,long,4983.0,29.0
63100,open position,short,4983.0,26.0
63100,close position,short,4990.0,26.0
63300,open position,long,4991.0,32.0
63300,close position,long,4984.0,32.0
63400,open position,short,4984.0,26.0
63400,close position,short,4990.0,26.0
63500,open position,short,4983.0,20.0
63500,close position,short,4990.0,20.0
63600,open position,short,4983.0,21.0
63600,close position,short,4990.0,21.0
63700,open position,short,4982.0,30.0
63700,close position,short,4989.0,30.0
63800,open position,long,4989.0,21.0
63800,close position,long,4982.0,21.0
63900,open position,long,4989.0,21.0
63900,close position,long,4982.0,21.0
64200,open position,long,4989.0,25.0
64200,close position,long,4982.0,25.0
64400,open position,short,4982.0,29.0
64400,close position,short,4989.0,29.0
64500,open position,long,4989.0,2.0
64500,close position,long,4983.0,2.0
64800,open position,short,4982.0,32.0
64800,close position,short,4989.0,32.0
64900,open position,long,4989.0,2.0
64900,close position,long,4983.0,2.0
65100,open position,long,4990.0,25.0
65100,close position,long,4983.0,25.0
65200,open position,short,4983.0,29.0
65200,close position,short,4990.0,29.0
65300,open position,long,4990.0,21.0
65300,close position,long,4983.0,21.0
65400,open position,long,4989.0,28.0
65400,close position,long,4983.0,28.0
65500,open position,short,4982.0,29.0
65500,close position,short,4989.0,29.0
65800,open position,long,4989.0,20.0
65800,close position,long,4982.0,20.0
65900,open position,short,4982.0,24.0
65900,close position,short,4989.0,24.0
66000,open position,short,4982.0,24.0
66000,close position,short,4989.0,24.0
66200,open position,short,4982.0,20.0
66200,close position,short,4989.0,20.0
66300,open position,long,4990.0,1.0
66300,close position,long,4988.0,1.0
66500,open position,short,4982.0,22.0
66500,close position,short,4989.0,22.0
66600,open position,long,4989.0,22.0
66600,close position,long,4982.0,22.0
66900,open position,short,4985.0,23.0
66900,close position,short,4991.0,23.0
67200,open position,short,4983.0,22.0
67200,close position,short,4990.0,22.0
67300,open position,short,4984.0,30.0
67300,close position,short,4991.0,30.0
67700,open position,short,4983.0,30.0
67700,close position,short,4990.0,30.0
67800,open position,short,4983.0,30.0
67800,close position,short,4990.0,30.0
68100,open position,long,4990.0,31.0
68100,close position,long,4984.0,31.0
68200,open position,short,4983.0,31.0
68200,close position,short,4990.0,31.0
68300,open position,short,4983.0,29.0
68300,close position,short,4990.0,29.0
68600,open position,long,4991.0,24.0
68600,close position,long,4984.0,24.0
68700,open position,short,4983.0,28.0
68700,close position,short,4990.0,28.0
68900,open position,short,4984.0,28.0
68900,close position,short,4991.0,28.0
69100,open position,long,4991.0,31.0
69100,close position,long,4985.0,31.0
69200,open position,short,4989.0,30.0
69200,close position,short,4992.0,30.0
69300,open position,short,4985.0,21.0
69300,close position,short,4992.0,21.0
69500,open position,short,4985.0,26.0
69500,close position,short,4992.0,26.0
69700,open position,short,4984.0,21.0
69700,close position,short,4991.0,21.0
69800,open position,short,4984.0,24.0
69800,close position,short,4991.0,24.0
69900,open position,short,4984.0,29.0
69900,close position,short,4991.0,29.0
70000,open position,short,4984.0,29.0
70000,close position,short,4991.0,29.0
70100,open position,long,4991.0,24.0
70100,close position,long,4984.0,24.0
70200,open position,long,4992.0,22.0
70200,close position,long,4985.0,22.0
70400,open position,long,4991.0,26.0
70400,close position,long,4984.0,26.0
70500,open position,long,4989.0,23.0
70500,close position,long,4984.0,23.0
70600,open position,short,4984.0,28.0
70600,close position,short,4991.0,28.0
70800,open position,long,4990.0,27.0
70800,close position,long,4983.0,27.0
71100,open position,long,4990.0,22.0
71100,close position,long,4983.0,22.0
71300,open position,long,4990.0,2.0
71300,close position,long,4984.0,2.0
71400,open position,long,4991.0,26.0
71400,close position,long,4984.0,26.0
71500,open position,long,4991.0,28.0
71500,close position,long,4984.0,28.0
71700,open position,long,4991.0,31.0
71700,close position,long,4984.0,31.0
71800,open position,long,4991.0,27.0
71800,close position,long,4984.0,27.0
71900,open position,long,4991.0,26.0
71900,close position,long,4984.0,26.0
72000,open position,long,4990.0,1.0
72000,close position,long,4984.0,1.0
72100,open position,long,4990.0,21.0
72100,close position,long,4983.0,21.0
72200,open position,short,4984.0,31.0
72200,close position,short,4991.0,31.0
72400,open position,long,4991.0,2.0
72400,close position,long,4985.0,2.0
72500,open position,short,4985.0,27.0
72500,close position,short,4992.0,27.0
72600,open position,long,4992.0,2.0
72600,close position,long,4986.0,2.0
73000,open position,long,4990.0,21.0
73000,close position,long,4984.0,21.0
73100,open position,long,4991.0,31.0
73100,close position,long,4984.0,31.0
73300,open position,short,4983.0,30.0
73300,close position,short,4990.0,30.0
73400,open position,long,4990.0,30.0
73400,close position,long,4983.0,30.0
73800,open position,long,4989.0,24.0
73800,close position,long,4982.0,24.0
73900,open position,long,4989.0,30.0
73900,close position,long,4982.0,30.0
74000,open position,long,4989.0,26.0
74000,close position,long,4982.0,26.0
74100,open position,short,4982.0,32.0
74100,close position,short,4989.0,32.0
74300,open position,short,4981.0,32.0
74300,close position,short,4988.0,32.0
74500,open position,short,4981.0,29.0
74500,close position,short,4988.0,29.0
74800,open position,long,4989.0,26.0
74800,close position,long,4982.0,26.0
74900,open position,long,4989.0,31.0
74900,close position,long,4982.0,31.0
75000,open position,short,4981.0,27.0
75000,close position,short,4988.0,27.0
75200,open position,long,4989.0,3.0
75200,close position,long,4986.0,3.0
75300,open position,short,4982.0,29.0
75300,close position,short,4989.0,29.0
75400,open position,long,4990.0,31.0
75400,close position,long,4983.0,31.0
75500,open position,short,4982.0,30.0
75500,close position,short,4989.0,30.0
75600,open position,long,4990.0,28.0
75600,close position,long,4983.0,28.0
75700,open position,long,4989.0,27.0
75700,close position,long,4983.0,27.0
75800,open position,short,4982.0,30.0
75800,close position,short,4989.0,30.0
76000,open position,long,4990.0,32.0
76000,close position,long,4983.0,32.0
76100,open position,long,4990.0,21.0
76100,close position,long,4983.0,21.0
76300,open position,short,4984.0,27.0
76300,close position,short,4991.0,27.0
76500,open position,short,4983.0,28.0
76500,close position,short,4990.0,28.0
76700,open position,long,4989.0,26.0
76700,close position,long,4982.0,26.0
76900,open position,long,4985.0,24.0
76900,close position,long,4983.0,24.0
77100,open position,short,4986.0,30.0
77100,close position,short,4990.0,30.0
77200,open position,long,4990.0,1.0
77200,close position,long,4984.0,1.0
77600,open position,short,4983.0,27.0
77600,close position,short,4990.0,27.0
77800,open position,long,4990.0,26.0
77800,close position,long,4984.0,26.0
77900,open position,short,4983.0,32.0
77900,close position,short,4990.0,32.0
78000,open position,short,4983.0,23.0
78000,close position,short,4990.0,23.0
78100,open position,long,4990.0,23.0
78100,close position,long,4984.0,23.0
78200,open position,long,4991.0,27.0
78200,close position,long,4984.0,27.0
78400,open position,long,4991.0,26.0
78400,close position,long,4984.0,26.0
78500,open position,long,4991.0,23.0
78500,close position,long,4984.0,23.0
78700,open position,long,4990.0,32.0
78700,close position,long,4983.0,32.0
78800,open position,short,4983.0,23.0
78800,close position,short,4990.0,23.0
78900,open position,short,4983.0,26.0
78900,close position,short,4990.0,26.0
79000,open position,long,4988.0,28.0
79000,close position,long,4983.0,28.0
79200,open position,long,4988.0,21.0
79200,close position,long,4983.0,21.0
79300,open position,short,4982.0,30.0
79300,close position,short,4989.0,30.0
79800,open position,long,4988.0,21.0
79800,close position,long,4981.0,21.0
79900,open position,long,4988.0,29.0
79900,close position,long,4981.0,29.0
80000,open position,short,4980.0,32.0
80000,close position,short,4987.0,32.0
80100,open position,short,4980.0,29.0
80100,close position,short,4987.0,29.0
80300,open position,short,4980.0,27.0
80300,close position,short,4987.0,27.0
80500,open position,long,4988.0,28.0
80500,close position,long,4981.0,28.0
80600,open position,short,4981.0,26.0
80600,close position,short,4988.0,26.0
80700,open position,long,4988.0,31.0
80700,close position,long,4981.0,31.0
80800,open position,long,4988.0,1.0
80800,close position,long,4986.0,1.0
80900,open position,short,4981.0,21.0
80900,close position,short,4988.0,21.0
81100,open position,long,4988.0,1.0
81100,close position,long,4986.0,1.0
81200,open position,short,4980.0,22.0
81200,close position,short,4987.0,22.0
81300,open position,short,4980.0,31.0
81300,close position,short,4987.0,31.0
81400,open position,long,4987.0,26.0
81400,close position,long,4981.0,26.0
81500,open position,short,4981.0,25.0
81500,close position,short,4988.0,25.0
81700,open position,short,4981.0,24.0
81700,close position,short,4988.0,24.0
82200,open position,short,4981.0,25.0
82200,close position,short,4988.0,25.0
82300,open position,short,4981.0,28.0
82300,close position,short,4988.0,28.0
82400,open position,short,4981.0,21.0
82400,close position,short,4988.0,21.0
82600,open position,long,4986.0,27.0
82600,close position,long,4981.0,27.0
82800,open position,short,4980.0,22.0
82800,close position,short,4987.0,22.0
83000,open position,short,4980.0,25.0
83000,close position,short,4987.0,25.0
83100,open position,long,4989.0,4.0
83100,close position,long,4983.0,4.0
83600,open position,long,4989.0,23.0
83600,close position,long,4982.0,23.0
83800,open position,short,4982.0,30.0
83800,close position,short,4989.0,30.0
84000,open position,short,4983.0,25.0
84000,close position,short,4989.0,25.0
84100,open position,long,4989.0,21.0
84100,close position,long,4982.0,21.0
84200,open position,short,4981.0,29.0
84200,close position,short,4988.0,29.0
84500,open position,short,4982.0,24.0
84500,close position,short,4989.0,24.0
84600,open position,long,4990.0,1.0
84600,close position,long,4988.0,1.0
84700,open position,long,4990.0,30.0
84700,close position,long,4983.0,30.0
84800,open position,long,4990.0,3.0
84800,close position,long,4984.0,3.0
84900,open position,long,4990.0,29.0
84900,close position,long,4983.0,29.0
85300,open position,long,4990.0,2.0
85300,close position,long,4984.0,2.0
85400,open position,short,4982.0,22.0
85400,close position,short,4989.0,22.0
85500,open position,long,4989.0,30.0
85500,close position,long,4982.0,30.0
85600,open position,short,4983.0,22.0
85600,close position,short,4989.0,22.0
85800,open position,long,4990.0,30.0
85800,close position,long,4983.0,30.0
85900,open position,short,4982.0,31.0
85900,close position,short,4989.0,31.0
86000,open position,long,4990.0,5.0
86000,close position,long,4986.0,5.0
86100,open position,short,4982.0,27.0
86100,close position,short,4989.0,27.0
86200,open position,long,4989.0,1.0
86200,close position,long,4983.0,1.0
86400,open position,short,4982.0,31.0
86400,close position,short,4989.0,31.0
86600,open position,long,4990.0,25.0
86600,close position,long,4983.0,25.0
86700,open position,long,4989.0,1.0
86700,close position,long,4985.0,1.0
86800,open position,long,4990.0,25.0
86800,close position,long,4983.0,25.0
86900,open position,short,4983.0,21.0
86900,close position,short,4990.0,21.0
87100,open position,short,4982.0,21.0
87100,close position,short,4989.0,21.0
87300,open position,short,4982.0,32.0
87300,close position,short,4989.0,32.0
87400,open position,long,4989.0,28.0
87400,close position,long,4982.0,28.0
88200,open position,short,4984.0,24.0
88200,close position,short,4991.0,24.0
88300,open position,long,4992.0,24.0
88300,close position,long,4985.0,24.0
88400,open position,long,4992.0,30.0
88400,close position,long,4985.0,30.0
88600,open position,long,4988.0,23.0
88600,close position,long,4985.0,23.0
88700,open position,long,4992.0,25.0
88700,close position,long,4985.0,25.0
88800,open position,long,4991.0,2.0
88800,close position,long,4985.0,2.0
89000,open position,long,4990.0,22.0
89000,close position,long,4984.0,22.0
89100,open position,short,4983.0,27.0
89100,close position,short,4990.0,27.0
89200,open position,long,4990.0,28.0
89200,close position,long,4984.0,28.0
89600,open position,long,4991.0,25.0
89600,close position,long,4984.0,25.0
89700,open position,long,4991.0,1.0
89700,close position,long,4985.0,1.0
90000,open position,long,4991.0,29.0
90000,close position,long,4984.0,29.0
90100,open position,short,4983.0,28.0
90100,close position,short,4990.0,28.0
90200,open position,short,4982.0,23.0
90200,close position,short,4989.0,23.0
90300,open position,short,4982.0,23.0
90300,close position,short,4989.0,23.0
90400,open position,short,4982.0,28.0
90400,close position,short,4989.0,28.0
90600,open position,short,4983.0,23.0
90600,close position,short,4990.0,23.0
90900,open position,short,4985.0,25.0
90900,close position,short,4992.0,25.0
91000,open position,short,4984.0,30.0
91000,close position,short,4991.0,30.0
91100,open position,long,4992.0,23.0
91100,close position,long,4985.0,23.0
91300,open position,short,4986.0,20.0
91300,close position,short,4993.0,20.0
91400,open position,short,4986.0,21.0
91400,close position,short,4993.0,21.0
91600,open position,short,4986.0,27.0
91600,close position,short,4993.0,27.0
91700,open position,short,4990.0,30.0
91700,close position,short,4993.0,30.0
91800,open position,short,4986.0,26.0
91800,close position,short,4993.0,26.0
91900,open position,short,4986.0,30.0
91900,close position,short,4993.0,30.0
92000,open position,long,4992.0,28.0
92000,close position,long,4985.0,28.0
92200,open position,short,4986.0,23.0
92200,close position,short,4993.0,23.0
92600,open position,short,4986.0,25.0
92600,close position,short,4993.0,25.0
92700,open position,short,4986.0,29.0
92700,close position,short,4993.0,29.0
92800,open position,long,4993.0,22.0
92800,close position,long,4986.0,22.0
92900,open position,short,4985.0,27.0
92900,close position,short,4992.0,27.0
93000,open position,short,4985.0,20.0
93000,close position,short,4992.0,20.0
93100,open position,short,4986.0,22.0
93100,close position,short,4992.0,22.0
93200,open position,long,4992.0,21.0
93200,close position,long,4985.0,21.0
93300,open position,short,4985.0,29.0
93300,close position,short,4992.0,29.0
93500,open position,long,4993.0,2.0
93500,close position,long,4989.0,2.0
93600,open position,short,4986.0,29.0
93600,close position,short,4993.0,29.0
93800,open position,short,4985.0,30.0
93800,close position,short,4992.0,30.0
93900,open position,short,4985.0,28.0
93900,close position,short,4992.0,28.0
94100,open position,short,4986.0,30.0
94100,close position,short,4993.0,30.0
94300,open position,short,4985.0,26.0
94300,close position,short,4992.0,26.0
94700,open position,long,4993.0,21.0
94700,close position,long,4986.0,21.0
94800,open position,long,4992.0,1.0
94800,close position,long,4986.0,1.0
95000,open position,short,4985.0,22.0
95000,close position,short,4992.0,22.0
95200,open position,short,4985.0,30.0
95200,close position,short,4992.0,30.0
95500,open position,short,4985.0,27.0
95500,close position,short,4992.0,27.0
95700,open position,long,4992.0,2.0
95700,close position,long,4986.0,2.0
95800,open position,short,4986.0,21.0
95800,close position,short,4993.0,21.0
95900,open position,long,4992.0,23.0
95900,close position,long,4986.0,23.0
96000,open position,short,4985.0,24.0
96000,close position,short,4992.0,24.0
96300,open position,long,4993.0,27.0
96300,close position,long,4986.0,27.0
96500,open position,short,4986.0,29.0
96500,close position,short,4993.0,29.0
96700,open position,short,4986.0,32.0
96700,close position,short,4993.0,32.0
96800,open position,short,4986.0,27.0
96800,close position,short,4993.0,27.0
96900,open position,short,4985.0,26.0
96900,close position,short,4992.0,26.0
97000,open position,short,4985.0,28.0
97000,close position,short,4992.0,28.0
97100,open position,long,4992.0,28.0
97100,close position,long,4985.0,28.0
97200,open position,long,4993.0,23.0
97200,close position,long,4986.0,23.0
97300,open position,long,4993.0,25.0
97300,close position,long,4986.0,25.0
97500,open position,long,4994.0,3.0
97500,close position,long,4988.0,3.0
97600,open position,long,4995.0,31.0
97600,close position,long,4988.0,31.0
97700,open position,long,4995.0,22.0
97700,close position,long,4988.0,22.0
97800,open position,long,4995.0,27.0
97800,close position,long,4988.0,27.0
98200,open position,short,4988.0,26.0
98200,close position,short,4995.0,26.0
98300,open position,short,4989.0,29.0
98300,close position,short,4995.0,29.0
98400,open position,long,4994.0,30.0
98400,close position,long,4987.0,30.0
98800,open position,short,4988.0,24.0
98800,close position,short,4994.0,24.0
99000,open position,long,4994.0,25.0
99000,close position,long,4987.0,25.0
99100,open position,short,4987.0,25.0
99100,close position,short,4994.0,25.0
99200,open position,short,4987.0,22.0
99200,close position,short,4994.0,22.0
99300,open position,short,4987.0,27.0
99300,close position,short,4994.0,27.0
99600,open position,short,4988.0,28.0
99600,close position,short,4995.0,28.0
99800,open position,long,4995.0,28.0
99800,close position,long,4988.0,28.0
100000,open position,long,4994.0,24.0
100000,close position,long,4987.0,24.0
100200,open position,long,4992.0,23.0
100200,close position,long,4986.0,23.0
100300,open position,short,4985.0,31.0
100300,close position,short,4992.0,31.0
100600,open position,long,4992.0,29.0
100600,close position,long,4986.0,29.0
100800,open position,short,4986.0,28.0
100800,close position,short,4993.0,28.0
100900,open position,long,4994.0,27.0
100900,close position,long,4987.0,27.0
101000,open position,short,4987.0,30.0
101000,close position,short,4994.0,30.0
101100,open position,short,4986.0,22.0
101100,close position,short,4993.0,22.0
101200,open position,long,4993.0,26.0
101200,close position,long,4986.0,26.0
101300,open position,short,4986.0,27.0
101300,close position,short,4993.0,27.0
101400,open position,long,4993.0,22.0
101400,close position,long,4986.0,22.0
101500,open position,short,4987.0,22.0
101500,close position,short,4993.0,22.0
101600,open position,long,4988.0,27.0
101600,close position,long,4986.0,27.0
101900,open position,long,4991.0,23.0
101900,close position,long,4985.0,23.0
102000,open position,short,4984.0,30.0
102000,close position,short,4991.0,30.0
102200,open position,long,4991.0,30.0
102200,close position,long,4984.0,30.0
102300,open position,long,4992.0,4.0
102300,close position,long,4988.0,4.0
102500,open position,short,4984.0,29.0
102500,close position,short,4991.0,29.0
102600,open position,long,4992.0,25.0
102600,close position,long,4985.0,25.0
102900,open position,short,4984.0,28.0
102900,close position,short,4990.0,28.0
103000,open position,long,4990.0,1.0
103000,close position,long,4984.0,1.0
103100,open position,long,4991.0,1.0
103100,close position,long,4989.0,1.0
103200,open position,short,4984.0,27.0
103200,close position,short,4991.0,27.0
103300,open position,short,4983.0,26.0
103300,close position,short,4990.0,26.0
103400,open position,long,4991.0,31.0
103400,close position,long,4984.0,31.0
103500,open position,short,4984.0,28.0
103500,close position,short,4991.0,28.0
103600,open position,short,4984.0,27.0
103600,close position,short,4991.0,27.0
103700,open position,short,4984.0,25.0
103700,close position,short,4991.0,25.0
103800,open position,long,4991.0,26.0
103800,close position,long,4984.0,26.0
104000,open position,short,4983.0,27.0
104000,close position,short,4990.0,27.0
104100,open position,short,4983.0,28.0
104100,close position,short,4990.0,28.0
104200,open position,long,4990.0,23.0
104200,close position,long,4984.0,23.0
104400,open position,short,4984.0,29.0
104400,close position,short,4991.0,29.0
104600,open position,short,4984.0,27.0
104600,close position,short,4991.0,27.0
104700,open position,long,4992.0,1.0
104700,close position,long,4986.0,1.0
104800,open position,short,4985.0,28.0
104800,close position,short,4992.0,28.0
104900,open position,long,4991.0,26.0
104900,close position,long,4985.0,26.0
105100,open position,short,4985.0,32.0
105100,close position,short,4992.0,32.0
105200,open position,short,4985.0,26.0
105200,close position,short,4992.0,26.0
105300,open position,short,4985.0,27.0
105300,close position,short,4992.0,27.0
105400,open position,short,4985.0,24.0
105400,close position,short,4992.0,24.0
105500,open position,long,4993.0,28.0
105500,close position,long,4986.0,28.0
105600,open position,short,4986.0,30.0
105600,close position,short,4993.0,30.0
105700,open position,short,4986.0,29.0
105700,close position,short,4993.0,29.0
105800,open position,long,4993.0,7.0
105800,close position,long,4991.0,7.0
106000,open position,long,4991.0,22.0
106000,close position,long,4984.0,22.0
106100,open position,long,4991.0,2.0
106100,close position,long,4985.0,2.0
106200,open position,short,4984.0,23.0
106200,close position,short,4991.0,23.0
106300,open position,long,4991.0,4.0
106300,close position,long,4985.0,4.0
106400,open position,long,4988.0,1.0
106400,close position,long,4984.0,1.0
106500,open position,long,4990.0,20.0
106500,close position,long,4983.0,20.0
106600,open position,long,4990.0,30.0
106600,close position,long,4983.0,30.0
106700,open position,short,4982.0,30.0
106700,close position,short,4989.0,30.0
106800,open position,long,4990.0,2.0
106800,close position,long,4984.0,2.0
107000,open position,long,4989.0,26.0
107000,close position,long,4983.0,26.0
107200,open position,long,4989.0,25.0
107200,close position,long,4983.0,25.0
107400,open position,short,4983.0,25.0
107400,close position,short,4990.0,25.0
107600,open position,long,4990.0,31.0
107600,close position,long,4983.0,31.0
107900,open position,long,4990.0,29.0
107900,close position,long,4983.0,29.0
108200,open position,long,4988.0,31.0
108200,close position,long,4982.0,31.0
108400,open position,short,4982.0,26.0
108400,close position,short,4989.0,26.0
108500,open position,long,4989.0,25.0
108500,close position,long,4982.0,25.0
109000,open position,short,4982.0,20.0
109000,close position,short,4989.0,20.0
109100,open position,long,4989.0,27.0
109100,close position,long,4983.0,27.0
109300,open position,short,4982.0,21.0
109300,close position,short,4989.0,21.0
109500,open position,short,4982.0,30.0
109500,close position,short,4989.0,30.0
109700,open position,long,4990.0,27.0
109700,close position,long,4983.0,27.0
109800,open position,long,4990.0,24.0
109800,close position,long,4983.0,24.0
110200,open position,long,4990.0,20.0
110200,close position,long,4983.0,20.0
110300,open position,long,4990.0,22.0
110300,close position,long,4983.0,22.0
110400,open position,long,4990.0,30.0
110400,close position,long,4983.0,30.0
110600,open position,short,4982.0,28.0
110600,close position,short,4989.0,28.0
110700,open position,short,4982.0,26.0
110700,close position,short,4989.0,26.0
111000,open position,short,4981.0,24.0
111000,close position,short,4988.0,24.0
111100,open position,short,4981.0,27.0
111100,close position,short,4988.0,27.0
111200,open position,long,4989.0,22.0
111200,close position,long,4982.0,22.0
111300,open position,long,4989.0,1.0
111300,close position,long,4983.0,1.0
111500,open position,short,4983.0,22.0
111500,close position,short,4989.0,22.0
111600,open position,short,4982.0,32.0
111600,close position,short,4989.0,32.0
111700,open position,short,4981.0,22.0
111700,close position,short,4988.0,22.0
111800,open position,short,4981.0,22.0
111800,close position,short,4988.0,22.0
112000,open position,long,4987.0,26.0
112000,close position,long,4981.0,26.0
112100,open position,long,4988.0,22.0
112100,close position,long,4981.0,22.0
112200,open position,short,4981.0,28.0
112200,close position,short,4988.0,28.0
112300,open position,short,4980.0,26.0
112300,close position,short,4987.0,26.0
112700,open position,short,4979.0,29.0
112700,close position,short,4986.0,29.0
112800,open position,short,4980.0,22.0
112800,close position,short,4987.0,22.0
112900,open position,short,4979.0,22.0
112900,close position,short,4986.0,22.0
113000,open position,long,4986.0,27.0
113000,close position,long,4980.0,27.0
113200,open position,long,4987.0,7.0
113200,close position,long,4981.0,7.0
113300,open position,long,4986.0,22.0
113300,close position,long,4980.0,22.0
113400,open position,short,4979.0,21.0
113400,close position,short,4986.0,21.0
113600,open position,short,4978.0,25.0
113600,close position,short,4985.0,25.0
113700,open position,short,4978.0,21.0
113700,close position,short,4985.0,21.0
113900,open position,long,4986.0,29.0
113900,close position,long,4979.0,29.0
114000,open position,short,4978.0,30.0
114000,close position,short,4985.0,30.0
114100,open position,short,4979.0,32.0
114100,close position,short,4985.0,32.0
114300,open position,short,4978.0,29.0
114300,close position,short,4985.0,29.0
114500,open position,short,4978.0,30.0
114500,close position,short,4985.0,30.0
114600,open position,short,4978.0,26.0
114600,close position,short,4985.0,26.0
114700,open position,short,4979.0,28.0
114700,close position,short,4986.0,28.0
114800,open position,long,4987.0,26.0
114800,close position,long,4980.0,26.0
115000,open position,long,4987.0,6.0
115000,close position,long,4981.0,6.0
115100,open position,short,4981.0,25.0
115100,close position,short,4987.0,25.0
115300,open position,short,4980.0,28.0
115300,close position,short,4987.0,28.0
115500,open position,long,4987.0,26.0
115500,close position,long,4980.0,26.0
115600,open position,short,4979.0,29.0
115600,close position,short,4986.0,29.0
115700,open position,short,4979.0,25.0
115700,close position,short,4986.0,25.0
115800,open position,long,4986.0,2.0
115800,close position,long,4980.0,2.0
115900,open position,long,4986.0,30.0
115900,close position,long,4979.0,30.0
116100,open position,long,4986.0,24.0
116100,close position,long,4979.0,24.0
116200,open position,long,4986.0,27.0
116200,close position,long,4979.0,27.0
116500,open position,long,4985.0,5.0
116500,close position,long,4979.0,5.0
116600,open position,long,4985.0,23.0
116600,close position,long,4978.0,23.0
116800,open position,short,4978.0,30.0
116800,close position,short,4985.0,30.0
116900,open position,long,4985.0,1.0
116900,close position,long,4979.0,1.0
117000,open position,short,4978.0,31.0
117000,close position,short,4985.0,31.0
117100,open position,long,4986.0,26.0
117100,close position,long,4979.0,26.0
117300,open position,long,4985.0,22.0
117300,close position,long,4978.0,22.0
117500,open position,long,4983.0,26.0
117500,close position,long,4978.0,26.0
117600,open position,short,4978.0,31.0
117600,close position,short,4985.0,31.0
117800,open position,long,4985.0,3.0
117800,close position,long,4979.0,3.0
117900,open position,short,4977.0,24.0
117900,close position,short,4984.0,24.0
118000,open position,long,4983.0,28.0
118000,close position,long,4976.0,28.0
118200,open position,long,4983.0,21.0
118200,close position,long,4976.0,21.0
118600,open position,short,4975.0,31.0
118600,close position,short,4982.0,31.0
118700,open position,long,4982.0,27.0
118700,close position,long,4975.0,27.0
118900,open position,short,4975.0,25.0
118900,close position,short,4982.0,25.0
119100,open position,short,4974.0,26.0
119100,close position,short,4981.0,26.0
119400,open position,short,4974.0,24.0
119400,close position,short,4981.0,24.0
119500,open position,short,4973.0,26.0
119500,close position,short,4980.0,26.0
119600,open position,long,4981.0,28.0
119600,close position,long,4974.0,28.0
119700,open position,short,4973.0,26.0
119700,close position,short,4980.0,26.0
119800,open position,long,4980.0,4.0
119800,close position,long,4976.0,4.0
119900,open position,long,4981.0,27.0
119900,close position,long,4974.0,27.0
120300,open position,short,4972.0,31.0
120300,close position,short,4979.0,31.0
120400,open position,long,4979.0,8.0
120400,close position,long,4973.0,8.0
120500,open position,long,4979.0,23.0
120500,close position,long,4972.0,23.0
120600,open position,short,4972.0,22.0
120600,close position,short,4979.0,22.0
120900,open position,long,4979.0,23.0
120900,close position,long,4972.0,23.0
121000,open position,long,4980.0,24.0
121000,close position,long,4973.0,24.0
121100,open position,short,4973.0,27.0
121100,close position,short,4980.0,27.0
121200,open position,short,4973.0,28.0
121200,close position,short,4980.0,28.0
121300,open position,short,4974.0,22.0
121300,close position,short,4981.0,22.0
121400,open position,long,4981.0,27.0
121400,close position,long,4974.0,27.0
121500,open position,long,4981.0,29.0
121500,close position,long,4974.0,29.0
121600,open position,long,4981.0,1.0
121600,close position,long,4975.0,1.0
121700,open position,short,4974.0,27.0
121700,close position,short,4981.0,27.0
121800,open position,long,4981.0,31.0
121800,close position,long,4974.0,31.0
121900,open position,long,4981.0,1.0
121900,close position,long,4979.0,1.0
122000,open position,long,4981.0,27.0
122000,close position,long,4974.0,27.0
122200,open position,long,4981.0,27.0
122200,close position,long,4974.0,27.0
122300,open position,short,4973.0,23.0
122300,close position,short,4980.0,23.0
122600,open position,short,4974.0,29.0
122600,close position,short,4980.0,29.0
122800,open position,long,4980.0,29.0
122800,close position,long,4973.0,29.0
122900,open position,short,4973.0,32.0
122900,close position,short,4980.0,32.0
123100,open position,short,4973.0,26.0
123100,close position,short,4980.0,26.0
123200,open position,long,4978.0,23.0
123200,close position,long,4973.0,23.0
123400,open position,short,4973.0,22.0
123400,close position,short,4980.0,22.0
123600,open position,long,4980.0,21.0
123600,close position,long,4973.0,21.0
123800,open position,long,4979.0,1.0
123800,close position,long,4977.0,1.0
124000,open position,short,4972.0,20.0
124000,close position,short,4979.0,20.0
124100,open position,long,4978.0,27.0
124100,close position,long,4971.0,27.0
124200,open position,short,4971.0,24.0
124200,close position,short,4978.0,24.0
124300,open position,short,4972.0,20.0
124300,close position,short,4979.0,20.0
124500,open position,long,4975.0,21.0
124500,close position,long,4971.0,21.0
124600,open position,long,4978.0,2.0
124600,close position,long,4975.0,2.0
124700,open position,long,4977.0,22.0
124700,close position,long,4970.0,22.0
124800,open position,long,4977.0,25.0
124800,close position,long,4970.0,25.0
124900,open position,short,4969.0,31.0
124900,close position,short,4976.0,31.0
125000,open position,short,4969.0,26.0
125000,close position,short,4976.0,26.0
125200,open position,short,4969.0,27.0
125200,close position,short,4976.0,27.0
125500,open position,long,4977.0,24.0
125500,close position,long,4970.0,24.0
125600,open position,short,4969.0,30.0
125600,close position,short,4976.0,30.0
125700,open position,long,4976.0,28.0
125700,close position,long,4969.0,28.0
125800,open position,long,4976.0,28.0
125800,close position,long,4969.0,28.0
125900,open position,long,4975.0,3.0
125900,close position,long,4969.0,3.0
126100,open position,short,4969.0,29.0
126100,close position,short,4976.0,29.0
126400,open position,short,4968.0,27.0
126400,close position,short,4975.0,27.0
126600,open position,long,4976.0,22.0
126600,close position,long,4969.0,22.0
126800,open position,long,4976.0,26.0
126800,close position,long,4969.0,26.0
126900,open position,long,4976.0,1.0
126900,close position,long,4970.0,1.0
127200,open position,long,4977.0,26.0
127200,close position,long,4970.0,26.0
127400,open position,long,4976.0,27.0
127400,close position,long,4969.0,27.0
127500,open position,long,4975.0,30.0
127500,close position,long,4969.0,30.0
127700,open position,short,4968.0,20.0
127700,close position,short,4975.0,20.0
127800,open position,short,4968.0,28.0
127800,close position,short,4975.0,28.0
127900,open position,long,4976.0,29.0
127900,close position,long,4969.0,29.0
128000,open position,short,4969.0,22.0
128000,close position,short,4975.0,22.0
128300,open position,short,4968.0,25.0
128300,close position,short,4975.0,25.0
128400,open position,long,4973.0,23.0
128400,close position,long,4968.0,23.0
128600,open position,short,4968.0,22.0
128600,close position,short,4975.0,22.0
128900,open position,short,4974.0,25.0
128900,close position,short,4976.0,25.0
129100,open position,long,4976.0,1.0
129100,close position,long,4970.0,1.0
129200,open position,long,4976.0,26.0
129200,close position,long,4969.0,26.0
129300,open position,short,4969.0,23.0
129300,close position,short,4976.0,23.0
129500,open position,long,4976.0,20.0
129500,close position,long,4969.0,20.0
129600,open position,short,4969.0,31.0
129600,close position,short,4976.0,31.0
129700,open position,long,4976.0,23.0
129700,close position,long,4970.0,23.0
129800,open position,long,4977.0,2.0
129800,close position,long,4971.0,2.0
130100,open position,short,4970.0,22.0
130100,close position,short,4977.0,22.0
130200,open position,long,4975.0,23.0
130200,close position,long,4970.0,23.0
130300,open position,long,4977.0,26.0
130300,close position,long,4970.0,26.0
130500,open position,long,4976.0,21.0
130500,close position,long,4969.0,21.0
130600,open position,long,4975.0,21.0
130600,close position,long,4969.0,21.0
130700,open position,short,4970.0,22.0
130700,close position,short,4976.0,22.0
130900,open position,long,4975.0,32.0
130900,close position,long,4969.0,32.0
131000,open position,long,4975.0,26.0
131000,close position,long,4968.0,26.0
131300,open position,short,4968.0,21.0
131300,close position,short,4975.0,21.0
131400,open position,short,4969.0,21.0
131400,close position,short,4976.0,21.0
131600,open position,short,4968.0,30.0
131600,close position,short,4975.0,30.0
131700,open position,long,4974.0,1.0
131700,close position,long,4968.0,1.0
131800,open position,long,4974.0,27.0
131800,close position,long,4968.0,27.0
131900,open position,short,4968.0,27.0
131900,close position,short,4975.0,27.0
132000,open position,short,4968.0,28.0
132000,close position,short,4975.0,28.0
132200,open position,short,4967.0,29.0
132200,close position,short,4974.0,29.0
132400,open position,long,4976.0,23.0
132400,close position,long,4969.0,23.0
132500,open position,long,4975.0,30.0
132500,close position,long,4968.0,30.0
132700,open position,long,4974.0,23.0
132700,close position,long,4967.0,23.0
132800,open position,short,4967.0,25.0
132800,close position,short,4974.0,25.0
133100,open position,long,4976.0,24.0
133100,close position,long,4969.0,24.0
133200,open position,short,4968.0,28.0
133200,close position,short,4975.0,28.0
133300,open position,long,4975.0,32.0
133300,close position,long,4968.0,32.0
133500,open position,long,4974.0,30.0
133500,close position,long,4968.0,30.0
133600,open position,short,4967.0,23.0
133600,close position,short,4974.0,23.0
133700,open position,long,4974.0,28.0
133700,close position,long,4967.0,28.0
133900,open position,short,4967.0,24.0
133900,close position,short,4974.0,24.0
134000,open position,long,4975.0,8.0
134000,close position,long,4969.0,8.0
134500,open position,short,4967.0,24.0
134500,close position,short,4974.0,24.0
134600,open position,short,4967.0,23.0
134600,close position,short,4974.0,23.0
134700,open position,long,4974.0,21.0
134700,close position,long,4967.0,21.0
134800,open position,short,4967.0,32.0
134800,close position,short,4974.0,32.0
134900,open position,long,4974.0,2.0
134900,close position,long,4968.0,2.0
135000,open position,short,4967.0,23.0
135000,close position,short,4974.0,23.0
135100,open position,long,4974.0,8.0
135100,close position,long,4972.0,8.0
135200,open position,long,4974.0,21.0
135200,close position,long,4967.0,21.0
135500,open position,long,4974.0,30.0
135500,close position,long,4967.0,30.0
135600,open position,long,4974.0,21.0
135600,close position,long,4967.0,21.0
135800,open position,long,4974.0,3.0
135800,close position,long,4968.0,3.0
136000,open position,short,4967.0,31.0
136000,close position,short,4974.0,31.0
136200,open position,long,4974.0,1.0
136200,close position,long,4968.0,1.0
136300,open position,long,4975.0,1.0
136300,close position,long,4969.0,1.0
136500,open position,long,4974.0,26.0
136500,close position,long,4968.0,26.0
136800,open position,short,4967.0,28.0
136800,close position,short,4974.0,28.0
137000,open position,short,4967.0,29.0
137000,close position,short,4974.0,29.0
137200,open position,short,4969.0,23.0
137200,close position,short,4976.0,23.0
137300,open position,long,4975.0,1.0
137300,close position,long,4969.0,1.0
137500,open position,long,4975.0,1.0
137500,close position,long,4969.0,1.0
137600,open position,long,4975.0,22.0
137600,close position,long,4968.0,22.0
137700,open position,long,4974.0,1.0
137700,close position,long,4968.0,1.0
137800,open position,long,4975.0,23.0
137800,close position,long,4968.0,23.0
138400,open position,long,4973.0,26.0
138400,close position,long,4967.0,26.0
138500,open position,short,4966.0,24.0
138500,close position,short,4973.0,24.0
138600,open position,long,4973.0,30.0
138600,close position,long,4966.0,30.0
138700,open position,short,4966.0,25.0
138700,close position,short,4973.0,25.0
138800,open position,short,4966.0,31.0
138800,close position,short,4973.0,31.0
139000,open position,long,4974.0,31.0
139000,close position,long,4967.0,31.0
139100,open position,short,4966.0,24.0
139100,close position,short,4973.0,24.0
139200,open position,short,4966.0,26.0
139200,close position,short,4973.0,26.0
139400,open position,short,4966.0,25.0
139400,close position,short,4973.0,25.0
139600,open position,short,4966.0,25.0
139600,close position,short,4973.0,25.0
139700,open position,long,4971.0,26.0
139700,close position,long,4966.0,26.0
139800,open position,long,4973.0,1.0
139800,close position,long,4971.0,1.0
139900,open position,long,4972.0,23.0
139900,close position,long,4965.0,23.0
140100,open position,long,4972.0,27.0
140100,close position,long,4965.0,27.0
140200,open position,long,4973.0,30.0
140200,close position,long,4966.0,30.0
140300,open position,short,4965.0,28.0
140300,close position,short,4972.0,28.0
140600,open position,long,4972.0,1.0
140600,close position,long,4966.0,1.0
140700,open position,long,4973.0,22.0
140700,close position,long,4966.0,22.0
141000,open position,long,4973.0,5.0
141000,close position,long,4967.0,5.0
141100,open position,short,4964.0,28.0
141100,close position,short,4971.0,28.0
141200,open position,long,4971.0,24.0
141200,close position,long,4964.0,24.0
142000,open position,short,4964.0,26.0
142000,close position,short,4971.0,26.0
142200,open position,long,4971.0,24.0
142200,close position,long,4964.0,24.0
142300,open position,long,4970.0,1.0
142300,close position,long,4968.0,1.0
142400,open position,short,4963.0,31.0
142400,close position,short,4970.0,31.0
142500,open position,short,4963.0,23.0
142500,close position,short,4970.0,23.0
142700,open position,long,4969.0,1.0
142700,close position,long,4963.0,1.0
142800,open position,short,4963.0,23.0
142800,close position,short,4970.0,23.0
143100,open position,short,4963.0,30.0
143100,close position,short,4970.0,30.0
143200,open position,long,4970.0,2.0
143200,close position,long,4964.0,2.0
143300,open position,long,4970.0,1.0
143300,close position,long,4964.0,1.0
143400,open position,long,4971.0,28.0
143400,close position,long,4964.0,28.0
143500,open position,short,4963.0,26.0
143500,close position,short,4970.0,26.0
143700,open position,long,4970.0,26.0
143700,close position,long,4963.0,26.0
143800,open position,short,4964.0,30.0
143800,close position,short,4970.0,30.0
143900,open position,long,4970.0,25.0
143900,close position,long,4963.0,25.0
144000,open position,short,4963.0,22.0
144000,close position,short,4970.0,22.0
144100,open position,long,4969.0,22.0
144100,close position,long,4962.0,22.0
144200,open position,long,4969.0,23.0
144200,close position,long,4962.0,23.0
144300,open position,long,4969.0,28.0
144300,close position,long,4962.0,28.0
144600,open position,long,4970.0,24.0
144600,close position,long,4963.0,24.0
144700,open position,long,4970.0,22.0
144700,close position,long,4963.0,22.0
144900,open position,short,4963.0,30.0
144900,close position,short,4970.0,30.0
145100,open position,long,4970.0,26.0
145100,close position,long,4963.0,26.0
145200,open position,long,4970.0,1.0
145200,close position,long,4968.0,1.0
145500,open position,long,4970.0,28.0
145500,close position,long,4963.0,28.0
145600,open position,long,4969.0,26.0
145600,close position,long,4963.0,26.0
145700,open position,long,4968.0,22.0
145700,close position,long,4962.0,22.0
146100,open position,long,4969.0,22.0
146100,close position,long,4962.0,22.0
146300,open position,long,4970.0,29.0
146300,close position,long,4963.0,29.0
146500,open position,long,4970.0,30.0
146500,close position,long,4963.0,30.0
146600,open position,short,4962.0,24.0
146600,close position,short,4969.0,24.0
146700,open position,long,4969.0,29.0
146700,close position,long,4962.0,29.0
146900,open position,long,4970.0,23.0
146900,close position,long,4963.0,23.0
147100,open position,long,4969.0,2.0
147100,close position,long,4963.0,2.0
147300,open position,short,4963.0,30.0
147300,close position,short,4969.0,30.0
147800,open position,long,4969.0,1.0
147800,close position,long,4967.0,1.0
147900,open position,long,4969.0,21.0
147900,close position,long,4962.0,21.0
148000,open position,short,4961.0,31.0
148000,close position,short,4968.0,31.0
148200,open position,long,4968.0,26.0
148200,close position,long,4962.0,26.0
148500,open position,long,4968.0,22.0
148500,close position,long,4961.0,22.0
148600,open position,long,4969.0,21.0
148600,close position,long,4962.0,21.0
149000,open position,short,4961.0,31.0
149000,close position,short,4968.0,31.0
149100,open position,long,4968.0,2.0
149100,close position,long,4964.0,2.0
149200,open position,short,4961.0,24.0
149200,close position,short,4967.0,24.0
149400,open position,long,4967.0,27.0
149400,close position,long,4960.0,27.0
149500,open position,short,4961.0,31.0
149500,close position,short,4967.0,31.0
149600,open position,short,4960.0,30.0
149600,close position,short,4967.0,30.0
149700,open position,short,4959.0,29.0
149700,close position,short,4966.0,29.0
149800,open position,short,4960.0,21.0
149800,close position,short,4966.0,21.0
149900,open position,long,4966.0,30.0
149900,close position,long,4959.0,30.0
150000,open position,long,4966.0,31.0
150000,close position,long,4959.0,31.0
150100,open position,short,4960.0,22.0
150100,close position,short,4966.0,22.0
150200,open position,long,4967.0,29.0
150200,close position,long,4960.0,29.0
150300,open position,long,4966.0,24.0
150300,close position,long,4959.0,24.0
150400,open position,long,4966.0,31.0
150400,close position,long,4959.0,31.0
150600,open position,long,4965.0,23.0
150600,close position,long,4958.0,23.0
150700,open position,long,4966.0,22.0
150700,close position,long,4959.0,22.0
150800,open position,short,4959.0,30.0
150800,close position,short,4966.0,30.0
150900,open position,short,4959.0,24.0
150900,close position,short,4966.0,24.0
151100,open position,short,4960.0,25.0
151100,close position,short,4966.0,25.0
151200,open position,long,4966.0,24.0
151200,close position,long,4959.0,24.0
151300,open position,short,4960.0,27.0
151300,close position,short,4966.0,27.0
151500,open position,long,4966.0,32.0
151500,close position,long,4959.0,32.0
151600,open position,short,4964.0,20.0
151600,close position,short,4966.0,20.0
151700,open position,long,4967.0,30.0
151700,close position,long,4960.0,30.0
151800,open position,long,4967.0,30.0
151800,close position,long,4960.0,30.0
151900,open position,long,4967.0,27.0
151900,close position,long,4960.0,27.0
152200,open position,long,4965.0,28.0
152200,close position,long,4958.0,28.0
152300,open position,long,4966.0,27.0
152300,close position,long,4959.0,27.0
152400,open position,short,4959.0,24.0
152400,close position,short,4966.0,24.0
152700,open position,short,4961.0,26.0
152700,close position,short,4968.0,26.0
152800,open position,long,4968.0,29.0
152800,close position,long,4961.0,29.0
152900,open position,short,4960.0,26.0
152900,close position,short,4967.0,26.0
153000,open position,short,4960.0,30.0
153000,close position,short,4967.0,30.0
153400,open position,short,4960.0,20.0
153400,close position,short,4967.0,20.0
153500,open position,short,4962.0,21.0
153500,close position,short,4968.0,21.0
153700,open position,long,4968.0,5.0
153700,close position,long,4962.0,5.0
154000,open position,long,4969.0,29.0
154000,close position,long,4962.0,29.0
154200,open position,long,4969.0,29.0
154200,close position,long,4962.0,29.0
154300,open position,long,4970.0,21.0
154300,close position,long,4963.0,21.0
154600,open position,short,4962.0,27.0
154600,close position,short,4969.0,27.0
154800,open position,short,4962.0,29.0
154800,close position,short,4969.0,29.0
155100,open position,long,4969.0,28.0
155100,close position,long,4962.0,28.0
155400,open position,short,4963.0,23.0
155400,close position,short,4970.0,23.0
155500,open position,long,4969.0,29.0
155500,close position,long,4963.0,29.0
155600,open position,long,4970.0,2.0
155600,close position,long,4964.0,2.0
155700,open position,long,4970.0,22.0
155700,close position,long,4963.0,22.0
155800,open position,long,4970.0,2.0
155800,close position,long,4964.0,2.0
155900,open position,long,4970.0,30.0
155900,close position,long,4964.0,30.0
156100,open position,short,4962.0,28.0
156100,close position,short,4969.0,28.0
156200,open position,short,4962.0,24.0
156200,close position,short,4969.0,24.0
156300,open position,long,4969.0,29.0
156300,close position,long,4962.0,29.0
156400,open position,short,4962.0,23.0
156400,close position,short,4969.0,23.0
156600,open position,long,4969.0,24.0
156600,close position,long,4962.0,24.0
156700,open position,short,4962.0,27.0
156700,close position,short,4969.0,27.0
156800,open position,short,4963.0,24.0
156800,close position,short,4970.0,24.0
156900,open position,long,4969.0,24.0
156900,close position,long,4963.0,24.0
157000,open position,long,4969.0,21.0
157000,close position,long,4963.0,21.0
157100,open position,short,4963.0,24.0
157100,close position,short,4970.0,24.0
157200,open position,short,4964.0,22.0
157200,close position,short,4971.0,22.0
157300,open position,long,4970.0,22.0
157300,close position,long,4963.0,22.0
157400,open position,long,4970.0,23.0
157400,close position,long,4963.0,23.0
157600,open position,long,4971.0,24.0
157600,close position,long,4965.0,24.0
157700,open position,short,4965.0,25.0
157700,close position,short,4972.0,25.0
157800,open position,short,4965.0,23.0
157800,close position,short,4972.0,23.0
157900,open position,short,4965.0,24.0
157900,close position,short,4972.0,24.0
158100,open position,short,4965.0,23.0
158100,close position,short,4972.0,23.0
158400,open position,short,4964.0,31.0
158400,close position,short,4971.0,31.0
158500,open position,long,4972.0,22.0
158500,close position,long,4965.0,22.0
158600,open position,long,4972.0,27.0
158600,close position,long,4965.0,27.0
158700,open position,long,4972.0,29.0
158700,close position,long,4965.0,29.0
158800,open position,short,4964.0,24.0
158800,close position,short,4971.0,24.0
158900,open position,long,4971.0,32.0
158900,close position,long,4964.0,32.0
159100,open position,short,4964.0,26.0
159100,close position,short,4971.0,26.0
159300,open position,long,4971.0,21.0
159300,close position,long,4964.0,21.0
159400,open position,long,4972.0,6.0
159400,close position,long,4968.0,6.0
159500,open position,long,4971.0,26.0
159500,close position,long,4964.0,26.0
159600,open position,short,4964.0,24.0
159600,close position,short,4970.0,24.0
159700,open position,short,4963.0,30.0
159700,close position,short,4970.0,30.0
159900,open position,long,4970.0,25.0
159900,close position,long,4964.0,25.0
160000,open position,short,4963.0,26.0
160000,close position,short,4970.0,26.0
160100,open position,short,4963.0,26.0
160100,close position,short,4970.0,26.0
160200,open position,long,4970.0,1.0
160200,close position,long,4964.0,1.0
160300,open position,short,4963.0,26.0
160300,close position,short,4970.0,26.0
160400,open position,short,4963.0,23.0
160400,close position,short,4970.0,23.0
160700,open position,short,4962.0,24.0
160700,close position,short,4969.0,24.0
160800,open position,short,4962.0,29.0
160800,close position,short,4969.0,29.0
160900,open position,short,4962.0,30.0
160900,close position,short,4969.0,30.0
161000,open position,long,4969.0,27.0
161000,close position,long,4962.0,27.0
161200,open position,short,4962.0,31.0
161200,close position,short,4969.0,31.0
161400,open position,short,4962.0,27.0
161400,close position,short,4969.0,27.0
161700,open position,long,4969.0,7.0
161700,close position,long,4967.0,7.0
162000,open position,short,4961.0,23.0
162000,close position,short,4968.0,23.0
162100,open position,long,4969.0,4.0
162100,close position,long,4963.0,4.0
162300,open position,long,4969.0,5.0
162300,close position,long,4963.0,5.0
162400,open position,long,4968.0,24.0
162400,close position,long,4962.0,24.0
162500,open position,long,4968.0,24.0
162500,close position,long,4962.0,24.0
162600,open position,long,4969.0,21.0
162600,close position,long,4962.0,21.0
162800,open position,long,4968.0,2.0
162800,close position,long,4962.0,2.0
162900,open position,long,4969.0,23.0
162900,close position,long,4962.0,23.0
163100,open position,long,4969.0,28.0
163100,close position,long,4962.0,28.0
163500,open position,long,4970.0,2.0
163500,close position,long,4967.0,2.0
164000,open position,short,4962.0,31.0
164000,close position,short,4969.0,31.0
164100,open position,long,4970.0,2.0
164100,close position,long,4964.0,2.0
164200,open position,long,4970.0,25.0
164200,close position,long,4963.0,25.0
164300,open position,long,4970.0,2.0
164300,close position,long,4964.0,2.0
164500,open position,short,4962.0,27.0
164500,close position,short,4969.0,27.0
164600,open position,short,4963.0,23.0
164600,close position,short,4969.0,23.0
164700,open position,short,4962.0,26.0
164700,close position,short,4969.0,26.0
164800,open position,short,4962.0,23.0
164800,close position,short,4969.0,23.0
164900,open position,long,4970.0,29.0
164900,close position,long,4963.0,29.0
165000,open position,short,4963.0,25.0
165000,close position,short,4970.0,25.0
165100,open position,short,4963.0,30.0
165100,close position,short,4969.0,30.0
165200,open position,long,4968.0,21.0
165200,close position,long,4963.0,21.0
165300,open position,long,4970.0,22.0
165300,close position,long,4963.0,22.0
165500,open position,short,4963.0,22.0
165500,close position,short,4969.0,22.0
165700,open position,short,4962.0,31.0
165700,close position,short,4969.0,31.0
166000,open position,short,4963.0,24.0
166000,close position,short,4969.0,24.0
166200,open position,long,4969.0,24.0
166200,close position,long,4962.0,24.0
166600,open position,short,4962.0,21.0
166600,close position,short,4969.0,21.0
166700,open position,long,4970.0,29.0
166700,close position,long,4963.0,29.0
166800,open position,short,4962.0,28.0
166800,close position,short,4969.0,28.0
166900,open position,short,4962.0,26.0
166900,close position,short,4969.0,26.0
167000,open position,long,4968.0,28.0
167000,close position,long,4962.0,28.0
167200,open position,short,4961.0,29.0
167200,close position,short,4968.0,29.0
167400,open position,short,4960.0,27.0
167400,close position,short,4967.0,27.0
167600,open position,long,4967.0,29.0
167600,close position,long,4960.0,29.0
167700,open position,long,4967.0,28.0
167700,close position,long,4960.0,28.0
167800,open position,short,4960.0,22.0
167800,close position,short,4967.0,22.0
167900,open position,short,4960.0,32.0
167900,close position,short,4967.0,32.0
168100,open position,short,4959.0,26.0
168100,close position,short,4966.0,26.0
168300,open position,short,4959.0,29.0
168300,close position,short,4966.0,29.0
168600,open position,long,4965.0,1.0
168600,close position,long,4959.0,1.0
168700,open position,long,4965.0,2.0
168700,close position,long,4959.0,2.0
168800,open position,long,4965.0,25.0
168800,close position,long,4958.0,25.0
169000,open position,long,4965.0,28.0
169000,close position,long,4959.0,28.0
169200,open position,short,4959.0,22.0
169200,close position,short,4965.0,22.0
169300,open position,short,4959.0,29.0
169300,close position,short,4966.0,29.0
169500,open position,short,4960.0,25.0
169500,close position,short,4966.0,25.0
169700,open position,short,4960.0,30.0
169700,close position,short,4967.0,30.0
169800,open position,long,4967.0,32.0
169800,close position,long,4960.0,32.0
170200,open position,long,4967.0,22.0
170200,close position,long,4960.0,22.0
170300,open position,long,4968.0,23.0
170300,close position,long,4961.0,23.0
170400,open position,short,4961.0,31.0
170400,close position,short,4967.0,31.0
170500,open position,short,4961.0,32.0
170500,close position,short,4967.0,32.0
170800,open position,long,4967.0,26.0
170800,close position,long,4960.0,26.0
170900,open position,short,4959.0,28.0
170900,close position,short,4966.0,28.0
171000,open position,long,4966.0,27.0
171000,close position,long,4959.0,27.0
171100,open position,long,4965.0,2.0
171100,close position,long,4959.0,2.0
171300,open position,short,4959.0,25.0
171300,close position,short,4966.0,25.0
171400,open position,short,4959.0,30.0
171400,close position,short,4966.0,30.0
171600,open position,long,4964.0,32.0
171600,close position,long,4959.0,32.0
171900,open position,long,4966.0,26.0
171900,close position,long,4959.0,26.0
172000,open position,long,4966.0,28.0
172000,close position,long,4959.0,28.0
172100,open position,long,4966.0,6.0
172100,close position,long,4960.0,6.0
172200,open position,short,4959.0,26.0
172200,close position,short,4966.0,26.0
172300,open position,short,4959.0,22.0
172300,close position,short,4966.0,22.0
172400,open position,long,4966.0,23.0
172400,close position,long,4959.0,23.0
172500,open position,long,4965.0,22.0
172500,close position,long,4959.0,22.0
172600,open position,short,4958.0,29.0
172600,close position,short,4965.0,29.0
172700,open position,short,4958.0,29.0
172700,close position,short,4965.0,29.0
172900,open position,long,4966.0,27.0
172900,close position,long,4959.0,27.0
173000,open position,long,4966.0,6.0
173000,close position,long,4960.0,6.0
173100,open position,long,4966.0,21.0
173100,close position,long,4959.0,21.0
173200,open position,long,4965.0,23.0
173200,close position,long,4958.0,23.0
173300,open position,long,4965.0,1.0
173300,close position,long,4959.0,1.0
173400,open position,long,4966.0,26.0
173400,close position,long,4959.0,26.0
173500,open position,short,4959.0,31.0
173500,close position,short,4966.0,31.0
173600,open position,short,4959.0,29.0
173600,close position,short,4966.0,29.0
173700,open position,long,4967.0,1.0
173700,close position,long,4965.0,1.0
173800,open position,long,4967.0,4.0
173800,close position,long,4964.0,4.0
173900,open position,short,4959.0,28.0
173900,close position,short,4966.0,28.0
174100,open position,long,4965.0,8.0
174100,close position,long,4959.0,8.0
174400,open position,short,4957.0,28.0
174400,close position,short,4964.0,28.0
174700,open position,long,4964.0,29.0
174700,close position,long,4957.0,29.0
174800,open position,short,4957.0,22.0
174800,close position,short,4964.0,22.0
174900,open position,short,4956.0,31.0
174900,close position,short,4963.0,31.0
175100,open position,long,4963.0,27.0
175100,close position,long,4957.0,27.0
175200,open position,short,4958.0,29.0
175200,close position,short,4965.0,29.0
175300,open position,short,4957.0,22.0
175300,close position,short,4964.0,22.0
175600,open position,short,4957.0,26.0
175600,close position,short,4964.0,26.0
175900,open position,long,4965.0,31.0
175900,close position,long,4958.0,31.0
176000,open position,long,4964.0,30.0
176000,close position,long,4957.0,30.0
176100,open position,short,4957.0,22.0
176100,close position,short,4964.0,22.0
176200,open position,long,4964.0,29.0
176200,close position,long,4957.0,29.0
176600,open position,short,4957.0,23.0
176600,close position,short,4964.0,23.0
176700,open position,long,4964.0,21.0
176700,close position,long,4957.0,21.0
176900,open position,long,4964.0,21.0
176900,close position,long,4957.0,21.0
177000,open position,short,4957.0,24.0
177000,close position,short,4964.0,24.0
177300,open position,long,4964.0,20.0
177300,close position,long,4957.0,20.0
177500,open position,long,4964.0,28.0
177500,close position,long,4957.0,28.0
178000,open position,long,4963.0,23.0
178000,close position,long,4956.0,23.0
178100,open position,short,4956.0,28.0
178100,close position,short,4963.0,28.0
178600,open position,short,4956.0,20.0
178600,close position,short,4963.0,20.0
178700,open position,long,4961.0,29.0
178700,close position,long,4956.0,29.0
178800,open position,short,4956.0,31.0
178800,close position,short,4963.0,31.0
178900,open position,short,4956.0,22.0
178900,close position,short,4963.0,22.0
179000,open position,long,4964.0,2.0
179000,close position,long,4958.0,2.0
179100,open position,short,4957.0,25.0
179100,close position,short,4964.0,25.0
179200,open position,long,4965.0,31.0
179200,close position,long,4958.0,31.0
179300,open position,long,4965.0,32.0
179300,close position,long,4958.0,32.0
179400,open position,short,4958.0,25.0
179400,close position,short,4965.0,25.0
179600,open position,long,4964.0,23.0
179600,close position,long,4958.0,23.0
179700,open position,short,4957.0,26.0
179700,close position,short,4964.0,26.0
179800,open position,short,4956.0,24.0
179800,close position,short,4963.0,24.0
179900,open position,long,4962.0,27.0
179900,close position,long,4956.0,27.0
180400,open position,short,4956.0,26.0
180400,close position,short,4963.0,26.0
180500,open position,short,4955.0,23.0
180500,close position,short,4962.0,23.0
180600,open position,long,4963.0,2.0
180600,close position,long,4957.0,2.0
180700,open position,long,4963.0,5.0
180700,close position,long,4957.0,5.0
180800,open position,short,4955.0,30.0
180800,close position,short,4962.0,30.0
180900,open position,short,4955.0,27.0
180900,close position,short,4962.0,27.0
181000,open position,long,4963.0,2.0
181000,close position,long,4957.0,2.0
181100,open position,short,4956.0,27.0
181100,close position,short,4963.0,27.0
181200,open position,long,4964.0,24.0
181200,close position,long,4957.0,24.0
181500,open position,long,4963.0,25.0
181500,close position,long,4956.0,25.0
181600,open position,long,4960.0,2.0
181600,close position,long,4956.0,2.0
181700,open position,short,4956.0,20.0
181700,close position,short,4963.0,20.0
181800,open position,long,4963.0,28.0
181800,close position,long,4956.0,28.0
181900,open position,long,4963.0,28.0
181900,close position,long,4956.0,28.0
182100,open position,long,4963.0,32.0
182100,close position,long,4956.0,32.0
182200,open position,short,4956.0,28.0
182200,close position,short,4963.0,28.0
182300,open position,short,4956.0,26.0
182300,close position,short,4963.0,26.0
182400,open position,short,4956.0,32.0
182400,close position,short,4963.0,32.0
182500,open position,short,4957.0,20.0
182500,close position,short,4964.0,20.0
182900,open position,short,4957.0,30.0
182900,close position,short,4963.0,30.0
183000,open position,short,4956.0,22.0
183000,close position,short,4963.0,22.0
183100,open position,long,4964.0,1.0
183100,close position,long,4962.0,1.0
183400,open position,short,4956.0,23.0
183400,close position,short,4963.0,23.0
183500,open position,long,4963.0,1.0
183500,close position,long,4957.0,1.0
183600,open position,short,4956.0,29.0
183600,close position,short,4963.0,29.0
183900,open position,long,4963.0,24.0
183900,close position,long,4956.0,24.0
184100,open position,short,4955.0,22.0
184100,close position,short,4962.0,22.0
184400,open position,short,4954.0,29.0
184400,close position,short,4961.0,29.0
184500,open position,long,4962.0,25.0
184500,close position,long,4955.0,25.0
184600,open position,long,4961.0,24.0
184600,close position,long,4954.0,24.0
184700,open position,short,4955.0,24.0
184700,close position,short,4961.0,24.0
184800,open position,long,4962.0,23.0
184800,close position,long,4955.0,23.0
185000,open position,long,4962.0,26.0
185000,close position,long,4955.0,26.0
185100,open position,long,4962.0,8.0
185100,close position,long,4956.0,8.0
185400,open position,long,4961.0,23.0
185400,close position,long,4955.0,23.0
185500,open position,short,4955.0,21.0
185500,close position,short,4962.0,21.0
185900,open position,long,4962.0,20.0
185900,close position,long,4955.0,20.0
186100,open position,long,4962.0,2.0
186100,close position,long,4956.0,2.0
186200,open position,long,4963.0,24.0
186200,close position,long,4956.0,24.0
186300,open position,long,4962.0,29.0
186300,close position,long,4955.0,29.0
186400,open position,long,4962.0,30.0
186400,close position,long,4955.0,30.0
186600,open position,long,4962.0,2.0
186600,close position,long,4956.0,2.0
186800,open position,short,4955.0,20.0
186800,close position,short,4961.0,20.0
186900,open position,short,4954.0,31.0
186900,close position,short,4961.0,31.0
187000,open position,long,4959.0,31.0
187000,close position,long,4954.0,31.0
187200,open position,long,4960.0,23.0
187200,close position,long,4954.0,23.0
187300,open position,long,4961.0,27.0
187300,close position,long,4954.0,27.0
187400,open position,short,4954.0,23.0
187400,close position,short,4961.0,23.0
187600,open position,long,4961.0,24.0
187600,close position,long,4954.0,24.0
187700,open position,short,4955.0,27.0
187700,close position,short,4961.0,27.0
187800,open position,short,4954.0,21.0
187800,close position,short,4961.0,21.0
188000,open position,long,4961.0,29.0
188000,close position,long,4954.0,29.0
188100,open position,long,4960.0,26.0
188100,close position,long,4954.0,26.0
188200,open position,short,4953.0,22.0
188200,close position,short,4960.0,22.0
188400,open position,long,4961.0,26.0
188400,close position,long,4954.0,26.0
188900,open position,short,4953.0,24.0
188900,close position,short,4960.0,24.0
189000,open position,long,4960.0,23.0
189000,close position,long,4953.0,23.0
189100,open position,short,4953.0,26.0
189100,close position,short,4960.0,26.0
189200,open position,short,4953.0,27.0
189200,close position,short,4959.0,27.0
189300,open position,short,4953.0,26.0
189300,close position,short,4960.0,26.0
189400,open position,short,4953.0,30.0
189400,close position,short,4960.0,30.0
189700,open position,long,4961.0,22.0
189700,close position,long,4954.0,22.0
189800,open position,long,4961.0,8.0
189800,close position,long,4955.0,8.0
189900,open position,long,4960.0,3.0
189900,close position,long,4957.0,3.0
190000,open position,long,4961.0,26.0
190000,close position,long,4954.0,26.0
190200,open position,short,4954.0,20.0
190200,close position,short,4961.0,20.0
190300,open position,long,4961.0,26.0
190300,close position,long,4954.0,26.0
190500,open position,short,4953.0,28.0
190500,close position,short,4960.0,28.0
190600,open position,long,4961.0,29.0
190600,close position,long,4954.0,29.0
190900,open position,short,4953.0,23.0
190900,close position,short,4960.0,23.0
191000,open position,long,4961.0,27.0
191000,close position,long,4954.0,27.0
191100,open position,short,4954.0,24.0
191100,close position,short,4961.0,24.0
191300,open position,short,4954.0,26.0
191300,close position,short,4960.0,26.0
191400,open position,long,4960.0,32.0
191400,close position,long,4953.0,32.0
191500,open position,long,4960.0,22.0
191500,close position,long,4953.0,22.0
191700,open position,short,4953.0,23.0
191700,close position,short,4960.0,23.0
191800,open position,short,4954.0,31.0
191800,close position,short,4960.0,31.0
191900,open position,long,4961.0,4.0
191900,close position,long,4955.0,4.0
192000,open position,long,4961.0,24.0
192000,close position,long,4954.0,24.0
192100,open position,long,4961.0,32.0
192100,close position,long,4954.0,32.0
192300,open position,long,4961.0,24.0
192300,close position,long,4954.0,24.0
192500,open position,short,4954.0,21.0
192500,close position,short,4961.0,21.0
192600,open position,long,4961.0,24.0
192600,close position,long,4954.0,24.0
192700,open position,short,4954.0,21.0
192700,close position,short,4961.0,21.0
193100,open position,short,4953.0,28.0
193100,close position,short,4960.0,28.0
193500,open position,short,4953.0,29.0
193500,close position,short,4960.0,29.0
193700,open position,long,4960.0,30.0
193700,close position,long,4953.0,30.0
193800,open position,short,4953.0,30.0
193800,close position,short,4959.0,30.0
193900,open position,short,4953.0,31.0
193900,close position,short,4959.0,31.0
194000,open position,long,4959.0,24.0
194000,close position,long,4952.0,24.0
194100,open position,short,4952.0,25.0
194100,close position,short,4959.0,25.0
194200,open position,short,4952.0,32.0
194200,close position,short,4959.0,32.0
194300,open position,long,4959.0,30.0
194300,close position,long,4952.0,30.0
194400,open position,long,4959.0,30.0
194400,close position,long,4952.0,30.0
194500,open position,long,4959.0,3.0
194500,close position,long,4953.0,3.0
194800,open position,short,4951.0,22.0
194800,close position,short,4958.0,22.0
195100,open position,long,4958.0,27.0
195100,close position,long,4951.0,27.0
195200,open position,short,4952.0,29.0
195200,close position,short,4959.0,29.0
195700,open position,long,4957.0,1.0
195700,close position,long,4951.0,1.0
195800,open position,long,4957.0,32.0
195800,close position,long,4951.0,32.0
196000,open position,short,4951.0,22.0
196000,close position,short,4958.0,22.0
196100,open position,long,4958.0,24.0
196100,close position,long,4951.0,24.0
196200,open position,short,4950.0,22.0
196200,close position,short,4957.0,22.0
196300,open position,long,4958.0,25.0
196300,close position,long,4951.0,25.0
196500,open position,short,4951.0,27.0
196500,close position,short,4958.0,27.0
196700,open position,short,4951.0,26.0
196700,close position,short,4958.0,26.0
196900,open position,short,4950.0,25.0
196900,close position,short,4957.0,25.0
197000,open position,short,4951.0,26.0
197000,close position,short,4957.0,26.0
197100,open position,short,4949.0,32.0
197100,close position,short,4956.0,32.0
197200,open position,long,4957.0,30.0
197200,close position,long,4950.0,30.0
197300,open position,short,4949.0,25.0
197300,close position,short,4956.0,25.0
197400,open position,short,4951.0,20.0
197400,close position,short,4957.0,20.0
197500,open position,short,4950.0,23.0
197500,close position,short,4957.0,23.0
197600,open position,short,4950.0,20.0
197600,close position,short,4957.0,20.0
197700,open position,short,4949.0,28.0
197700,close position,short,4956.0,28.0
197800,open position,long,4956.0,25.0
197800,close position,long,4949.0,25.0
197900,open position,long,4956.0,24.0
197900,close position,long,4949.0,24.0
198000,open position,short,4949.0,20.0
198000,close position,short,4956.0,20.0
198300,open position,long,4956.0,29.0
198300,close position,long,4949.0,29.0
198400,open position,long,4956.0,30.0
198400,close position,long,4949.0,30.0
198500,open position,short,4949.0,22.0
198500,close position,short,4956.0,22.0
198700,open position,long,4955.0,22.0
198700,close position,long,4949.0,22.0
198800,open position,long,4955.0,28.0
198800,close position,long,4948.0,28.0
198900,open position,long,4955.0,8.0
198900,close position,long,4949.0,8.0
199000,open position,long,4955.0,25.0
199000,close position,long,4948.0,25.0
199100,open position,long,4955.0,26.0
199100,close position,long,4948.0,26.0
199200,open position,short,4949.0,22.0
199200,close position,short,4956.0,22.0
199300,open position,long,4955.0,24.0
199300,close position,long,4949.0,24.0
199400,open position,long,4955.0,23.0
199400,close position,long,4949.0,23.0
199900,open position,long,4956.0,32.0
199900,close position,long,4950.0,32.0
